[{"bdg_id":"7","bdg_prod_sku":"010G012","bdg_prod_name":"MATTE BOX 4X5.65","bdg_prod_price":"800.00","bdg_prod_level":"P","bdg_quantity":"1","bdg_days_base":"85","bdg_discount_base":"0.00","bdg_days_trip":"0","bdg_discount_trip":"0.00","bdg_days_test":"0","bdg_discount_test":"0.00","bdg_insured":"0.10","ver_id":"3","prd_id":"134","ver_code":"C0001","ver_date":"2022-04-09 06:00:22","ver_status":"C","pjt_id":"2","pjt_number":"P0000002","pjt_name":"NATURALEZA VIVA","pjt_date_project":"2022-03-04 05:39:34","pjt_date_start":"2022-03-26 00:00:00","pjt_date_end":"2022-06-18 00:00:00","pjt_location":"ZIHUATANEJO GRO","pjt_status":"1","cuo_id":"15","loc_id":"2","pjttp_id":"5","pjttp_name":"Largometrajes","pjttp_min_download":"12","pjttp_max_download":"24","loc_type_location":"Foranea","prd_sku":"010G012","prd_name":"MATTE BOX 4X5.65","prd_english_name":"","prd_code_provider":null,"prd_name_provider":null,"prd_model":"","prd_price":"800.00","prd_coin_type":"1","prd_visibility":"1","prd_comments":"","prd_status":"1","prd_level":"P","prd_lonely":"","prd_insured":"1","prd_stock":"2","doc_id":"0","sbc_id":"7","srv_id":"1","cin_id":"1","cus_id":"1","cus_parent":"25","cus_name":"(TV RADI MEXICO) ISMAEL RAMIRE DUARTE","cus_contact":"(TV RADI MEXICO) ISMAEL RAMIRE DUARTE","cus_address":"VENUS 14 COL. EL MIRADOR DEL. 09800 MEXICO, D.F.","cus_email":"","cus_rfc":"RADI560726TCA","cus_phone":"56568769","cus_phone_2":"","cus_internal_code":"T64","cus_qualification":"","cus_prospect":"1","cus_sponsored":"0","cus_legal_representative":"2","cus_legal_act":"2","cus_contract":"1","cus_fill":"0","cut_id":"1","cus_status":"1","ver_date_real":"09-APR-2022 06:00","period":"26-Mar-2022 - 18-Jun-2022"},{"bdg_id":"8","bdg_prod_sku":"080X003","bdg_prod_name":"MALETA PIPELINE 4 3200K \/5600K","bdg_prod_price":"2500.00","bdg_prod_level":"P","bdg_quantity":"1","bdg_days_base":"85","bdg_discount_base":"0.00","bdg_days_trip":"0","bdg_discount_trip":"0.00","bdg_days_test":"0","bdg_discount_test":"0.00","bdg_insured":"0.10","ver_id":"3","prd_id":"1225","ver_code":"C0001","ver_date":"2022-04-09 06:00:22","ver_status":"C","pjt_id":"2","pjt_number":"P0000002","pjt_name":"NATURALEZA VIVA","pjt_date_project":"2022-03-04 05:39:34","pjt_date_start":"2022-03-26 00:00:00","pjt_date_end":"2022-06-18 00:00:00","pjt_location":"ZIHUATANEJO GRO","pjt_status":"1","cuo_id":"15","loc_id":"2","pjttp_id":"5","pjttp_name":"Largometrajes","pjttp_min_download":"12","pjttp_max_download":"24","loc_type_location":"Foranea","prd_sku":"080X003","prd_name":"MALETA PIPELINE 4 3200K \/5600K","prd_english_name":"","prd_code_provider":null,"prd_name_provider":null,"prd_model":"","prd_price":"2500.00","prd_coin_type":"1","prd_visibility":"1","prd_comments":"","prd_status":"1","prd_level":"P","prd_lonely":"","prd_insured":"1","prd_stock":"1","doc_id":"0","sbc_id":"90","srv_id":"1","cin_id":"1","cus_id":"1","cus_parent":"25","cus_name":"(TV RADI MEXICO) ISMAEL RAMIRE DUARTE","cus_contact":"(TV RADI MEXICO) ISMAEL RAMIRE DUARTE","cus_address":"VENUS 14 COL. EL MIRADOR DEL. 09800 MEXICO, D.F.","cus_email":"","cus_rfc":"RADI560726TCA","cus_phone":"56568769","cus_phone_2":"","cus_internal_code":"T64","cus_qualification":"","cus_prospect":"1","cus_sponsored":"0","cus_legal_representative":"2","cus_legal_act":"2","cus_contract":"1","cus_fill":"0","cut_id":"1","cus_status":"1","ver_date_real":"09-APR-2022 06:00","period":"26-Mar-2022 - 18-Jun-2022"},{"bdg_id":"9","bdg_prod_sku":"010D019","bdg_prod_name":"MONITOR SMALL 702 HD OLED","bdg_prod_price":"3000.00","bdg_prod_level":"P","bdg_quantity":"1","bdg_days_base":"85","bdg_discount_base":"0.00","bdg_days_trip":"0","bdg_discount_trip":"0.00","bdg_days_test":"0","bdg_discount_test":"0.00","bdg_insured":"0.10","ver_id":"3","prd_id":"62","ver_code":"C0001","ver_date":"2022-04-09 06:00:22","ver_status":"C","pjt_id":"2","pjt_number":"P0000002","pjt_name":"NATURALEZA VIVA","pjt_date_project":"2022-03-04 05:39:34","pjt_date_start":"2022-03-26 00:00:00","pjt_date_end":"2022-06-18 00:00:00","pjt_location":"ZIHUATANEJO GRO","pjt_status":"1","cuo_id":"15","loc_id":"2","pjttp_id":"5","pjttp_name":"Largometrajes","pjttp_min_download":"12","pjttp_max_download":"24","loc_type_location":"Foranea","prd_sku":"010D019","prd_name":"MONITOR SMALL 702 HD OLED","prd_english_name":"","prd_code_provider":null,"prd_name_provider":null,"prd_model":"","prd_price":"3000.00","prd_coin_type":"1","prd_visibility":"1","prd_comments":"","prd_status":"1","prd_level":"P","prd_lonely":"","prd_insured":"1","prd_stock":"2","doc_id":"0","sbc_id":"4","srv_id":"1","cin_id":"1","cus_id":"1","cus_parent":"25","cus_name":"(TV RADI MEXICO) ISMAEL RAMIRE DUARTE","cus_contact":"(TV RADI MEXICO) ISMAEL RAMIRE DUARTE","cus_address":"VENUS 14 COL. EL MIRADOR DEL. 09800 MEXICO, D.F.","cus_email":"","cus_rfc":"RADI560726TCA","cus_phone":"56568769","cus_phone_2":"","cus_internal_code":"T64","cus_qualification":"","cus_prospect":"1","cus_sponsored":"0","cus_legal_representative":"2","cus_legal_act":"2","cus_contract":"1","cus_fill":"0","cut_id":"1","cus_status":"1","ver_date_real":"09-APR-2022 06:00","period":"26-Mar-2022 - 18-Jun-2022"}]