[{"pjtcn_id":"1","pjtcn_prod_sku":"100R011","pjtcn_prod_name":"(18,25,35,50,75 mm) T1.4-22 PL LEICA SUMMILUX-C","pjtcn_prod_price":"18000.00","pjtcn_quantity":"1","pjtcn_days_base":"1","pjtcn_discount_base":"60.00","pjtcn_days_trip":"0","pjtcn_discount_trip":"0.00","pjtcn_days_test":"0","pjtcn_discount_test":"0.00","pjtcn_insured":"0.10","pjtcn_prod_level":"K","pjtcn_status":"1","ver_id":"25","prd_id":"7772","pjt_id":"5","pjt_number":"P0000005","pjt_name":"PSYCO","pjt_date_project":"2021-10-13 10:59:52","pjt_date_start":"2021-10-01 00:00:00","pjt_date_end":"2021-10-01 00:00:00","pjt_location":"CDMX","pjt_status":"2","cuo_id":"13","loc_id":"1","pjttp_id":"3","pjttp_name":"Comerciales","pjttp_min_download":"2","pjttp_max_download":"3","loc_location":null,"loc_country":null,"loc_type_location":"Local","prd_sku":"100R011","prd_name":"(18,25,35,50,75 mm) T1.4-22 PL LEICA SUMMILUX-C","prd_english_name":"","prd_code_provider":null,"prd_name_provider":null,"prd_model":"","prd_price":"18000.00","prd_coin_type":"","prd_visibility":"1","prd_comments":"1","prd_status":"1","prd_level":"K","sbc_id":"117","srv_id":"1","cin_id":"1","prd_lonely":"","prd_insured":"0","doc_id":"0","cus_id":"71","cus_parent":"0","cus_name":"BOOGIE FILMS S. DE R.L. DE C.V.","cus_contact":"BOOGIE FILMS S. DE R.L. DE C.V.","cus_address":"TORIBIO ALCAZAR 72 CASA 4 AMP. MIGUEL HIDALGO 3RA SECCIO 12250 CIUDAD DE MEXICO","cus_email":"","cus_rfc":"BFI1906181U0","cus_phone":"","cus_phone_2":"","cus_internal_code":"B17","cus_qualification":"","cus_prospect":"1","cus_sponsored":"0","cus_legal_representative":"2","cus_legal_act":"2","cus_contract":"1","cut_id":"2","cus_status":"1","ver_date_real":"13-OCT-2021 10:59","period":"01-Oct-2021 - 01-Oct-2021"},{"pjtcn_id":"2","pjtcn_prod_sku":"080F002","pjtcn_prod_name":"400 W HMI JOKER BUG LITE CON CHIMERA","pjtcn_prod_price":"1600.00","pjtcn_quantity":"2","pjtcn_days_base":"1","pjtcn_discount_base":"60.00","pjtcn_days_trip":"0","pjtcn_discount_trip":"0.00","pjtcn_days_test":"0","pjtcn_discount_test":"0.00","pjtcn_insured":"0.10","pjtcn_prod_level":"P","pjtcn_status":"1","ver_id":"25","prd_id":"1063","pjt_id":"5","pjt_number":"P0000005","pjt_name":"PSYCO","pjt_date_project":"2021-10-13 10:59:52","pjt_date_start":"2021-10-01 00:00:00","pjt_date_end":"2021-10-01 00:00:00","pjt_location":"CDMX","pjt_status":"2","cuo_id":"13","loc_id":"1","pjttp_id":"3","pjttp_name":"Comerciales","pjttp_min_download":"2","pjttp_max_download":"3","loc_location":null,"loc_country":null,"loc_type_location":"Local","prd_sku":"080F002","prd_name":"400 W HMI JOKER BUG LITE CON CHIMERA","prd_english_name":"","prd_code_provider":null,"prd_name_provider":null,"prd_model":"","prd_price":"1600.00","prd_coin_type":"1","prd_visibility":"1","prd_comments":"","prd_status":"1","prd_level":"P","sbc_id":"73","srv_id":"1","cin_id":"1","prd_lonely":"","prd_insured":"1","doc_id":"0","cus_id":"71","cus_parent":"0","cus_name":"BOOGIE FILMS S. DE R.L. DE C.V.","cus_contact":"BOOGIE FILMS S. DE R.L. DE C.V.","cus_address":"TORIBIO ALCAZAR 72 CASA 4 AMP. MIGUEL HIDALGO 3RA SECCIO 12250 CIUDAD DE MEXICO","cus_email":"","cus_rfc":"BFI1906181U0","cus_phone":"","cus_phone_2":"","cus_internal_code":"B17","cus_qualification":"","cus_prospect":"1","cus_sponsored":"0","cus_legal_representative":"2","cus_legal_act":"2","cus_contract":"1","cut_id":"2","cus_status":"1","ver_date_real":"13-OCT-2021 10:59","period":"01-Oct-2021 - 01-Oct-2021"},{"pjtcn_id":"3","pjtcn_prod_sku":"080B002","pjtcn_prod_name":"575 W HMI  REFLECTOR PAR LITE","pjtcn_prod_price":"575.00","pjtcn_quantity":"1","pjtcn_days_base":"1","pjtcn_discount_base":"60.00","pjtcn_days_trip":"0","pjtcn_discount_trip":"0.00","pjtcn_days_test":"0","pjtcn_discount_test":"0.00","pjtcn_insured":"0.10","pjtcn_prod_level":"P","pjtcn_status":"1","ver_id":"25","prd_id":"1040","pjt_id":"5","pjt_number":"P0000005","pjt_name":"PSYCO","pjt_date_project":"2021-10-13 10:59:52","pjt_date_start":"2021-10-01 00:00:00","pjt_date_end":"2021-10-01 00:00:00","pjt_location":"CDMX","pjt_status":"2","cuo_id":"13","loc_id":"1","pjttp_id":"3","pjttp_name":"Comerciales","pjttp_min_download":"2","pjttp_max_download":"3","loc_location":null,"loc_country":null,"loc_type_location":"Local","prd_sku":"080B002","prd_name":"575 W HMI  REFLECTOR PAR LITE","prd_english_name":"","prd_code_provider":null,"prd_name_provider":null,"prd_model":"","prd_price":"575.00","prd_coin_type":"1","prd_visibility":"1","prd_comments":"","prd_status":"1","prd_level":"P","sbc_id":"69","srv_id":"1","cin_id":"1","prd_lonely":"","prd_insured":"1","doc_id":"0","cus_id":"71","cus_parent":"0","cus_name":"BOOGIE FILMS S. DE R.L. DE C.V.","cus_contact":"BOOGIE FILMS S. DE R.L. DE C.V.","cus_address":"TORIBIO ALCAZAR 72 CASA 4 AMP. MIGUEL HIDALGO 3RA SECCIO 12250 CIUDAD DE MEXICO","cus_email":"","cus_rfc":"BFI1906181U0","cus_phone":"","cus_phone_2":"","cus_internal_code":"B17","cus_qualification":"","cus_prospect":"1","cus_sponsored":"0","cus_legal_representative":"2","cus_legal_act":"2","cus_contract":"1","cut_id":"2","cus_status":"1","ver_date_real":"13-OCT-2021 10:59","period":"01-Oct-2021 - 01-Oct-2021"},{"pjtcn_id":"4","pjtcn_prod_sku":"080F003","pjtcn_prod_name":"800 W HMI JOKER BUG LITE CON CHIMERA","pjtcn_prod_price":"2100.00","pjtcn_quantity":"1","pjtcn_days_base":"1","pjtcn_discount_base":"60.00","pjtcn_days_trip":"0","pjtcn_discount_trip":"0.00","pjtcn_days_test":"0","pjtcn_discount_test":"0.00","pjtcn_insured":"0.10","pjtcn_prod_level":"P","pjtcn_status":"1","ver_id":"25","prd_id":"1064","pjt_id":"5","pjt_number":"P0000005","pjt_name":"PSYCO","pjt_date_project":"2021-10-13 10:59:52","pjt_date_start":"2021-10-01 00:00:00","pjt_date_end":"2021-10-01 00:00:00","pjt_location":"CDMX","pjt_status":"2","cuo_id":"13","loc_id":"1","pjttp_id":"3","pjttp_name":"Comerciales","pjttp_min_download":"2","pjttp_max_download":"3","loc_location":null,"loc_country":null,"loc_type_location":"Local","prd_sku":"080F003","prd_name":"800 W HMI JOKER BUG LITE CON CHIMERA","prd_english_name":"","prd_code_provider":null,"prd_name_provider":null,"prd_model":"","prd_price":"2100.00","prd_coin_type":"1","prd_visibility":"1","prd_comments":"","prd_status":"1","prd_level":"P","sbc_id":"73","srv_id":"1","cin_id":"1","prd_lonely":"","prd_insured":"1","doc_id":"0","cus_id":"71","cus_parent":"0","cus_name":"BOOGIE FILMS S. DE R.L. DE C.V.","cus_contact":"BOOGIE FILMS S. DE R.L. DE C.V.","cus_address":"TORIBIO ALCAZAR 72 CASA 4 AMP. MIGUEL HIDALGO 3RA SECCIO 12250 CIUDAD DE MEXICO","cus_email":"","cus_rfc":"BFI1906181U0","cus_phone":"","cus_phone_2":"","cus_internal_code":"B17","cus_qualification":"","cus_prospect":"1","cus_sponsored":"0","cus_legal_representative":"2","cus_legal_act":"2","cus_contract":"1","cut_id":"2","cus_status":"1","ver_date_real":"13-OCT-2021 10:59","period":"01-Oct-2021 - 01-Oct-2021"},{"pjtcn_id":"5","pjtcn_prod_sku":"020A008","pjtcn_prod_name":"ARRI ALEXA MINI 16:9\/4:3\/ ARRI RAW\/ OPEN GATE","pjtcn_prod_price":"33000.00","pjtcn_quantity":"1","pjtcn_days_base":"1","pjtcn_discount_base":"60.00","pjtcn_days_trip":"0","pjtcn_discount_trip":"0.00","pjtcn_days_test":"0","pjtcn_discount_test":"0.00","pjtcn_insured":"0.10","pjtcn_prod_level":"P","pjtcn_status":"1","ver_id":"25","prd_id":"272","pjt_id":"5","pjt_number":"P0000005","pjt_name":"PSYCO","pjt_date_project":"2021-10-13 10:59:52","pjt_date_start":"2021-10-01 00:00:00","pjt_date_end":"2021-10-01 00:00:00","pjt_location":"CDMX","pjt_status":"2","cuo_id":"13","loc_id":"1","pjttp_id":"3","pjttp_name":"Comerciales","pjttp_min_download":"2","pjttp_max_download":"3","loc_location":null,"loc_country":null,"loc_type_location":"Local","prd_sku":"020A008","prd_name":"ARRI ALEXA MINI 16:9\/4:3\/ ARRI RAW\/ OPEN GATE","prd_english_name":"","prd_code_provider":null,"prd_name_provider":null,"prd_model":"","prd_price":"33000.00","prd_coin_type":"1","prd_visibility":"1","prd_comments":"","prd_status":"1","prd_level":"P","sbc_id":"19","srv_id":"1","cin_id":"1","prd_lonely":"","prd_insured":"1","doc_id":"0","cus_id":"71","cus_parent":"0","cus_name":"BOOGIE FILMS S. DE R.L. DE C.V.","cus_contact":"BOOGIE FILMS S. DE R.L. DE C.V.","cus_address":"TORIBIO ALCAZAR 72 CASA 4 AMP. MIGUEL HIDALGO 3RA SECCIO 12250 CIUDAD DE MEXICO","cus_email":"","cus_rfc":"BFI1906181U0","cus_phone":"","cus_phone_2":"","cus_internal_code":"B17","cus_qualification":"","cus_prospect":"1","cus_sponsored":"0","cus_legal_representative":"2","cus_legal_act":"2","cus_contract":"1","cut_id":"2","cus_status":"1","ver_date_real":"13-OCT-2021 10:59","period":"01-Oct-2021 - 01-Oct-2021"},{"pjtcn_id":"6","pjtcn_prod_sku":"080A002","pjtcn_prod_name":"1,800 W HMI M18","pjtcn_prod_price":"4000.00","pjtcn_quantity":"1","pjtcn_days_base":"1","pjtcn_discount_base":"60.00","pjtcn_days_trip":"0","pjtcn_discount_trip":"0.00","pjtcn_days_test":"0","pjtcn_discount_test":"0.00","pjtcn_insured":"0.10","pjtcn_prod_level":"P","pjtcn_status":"1","ver_id":"25","prd_id":"1031","pjt_id":"5","pjt_number":"P0000005","pjt_name":"PSYCO","pjt_date_project":"2021-10-13 10:59:52","pjt_date_start":"2021-10-01 00:00:00","pjt_date_end":"2021-10-01 00:00:00","pjt_location":"CDMX","pjt_status":"2","cuo_id":"13","loc_id":"1","pjttp_id":"3","pjttp_name":"Comerciales","pjttp_min_download":"2","pjttp_max_download":"3","loc_location":null,"loc_country":null,"loc_type_location":"Local","prd_sku":"080A002","prd_name":"1,800 W HMI M18","prd_english_name":"","prd_code_provider":null,"prd_name_provider":null,"prd_model":"","prd_price":"4000.00","prd_coin_type":"1","prd_visibility":"1","prd_comments":"","prd_status":"1","prd_level":"P","sbc_id":"68","srv_id":"1","cin_id":"1","prd_lonely":"","prd_insured":"1","doc_id":"0","cus_id":"71","cus_parent":"0","cus_name":"BOOGIE FILMS S. DE R.L. DE C.V.","cus_contact":"BOOGIE FILMS S. DE R.L. DE C.V.","cus_address":"TORIBIO ALCAZAR 72 CASA 4 AMP. MIGUEL HIDALGO 3RA SECCIO 12250 CIUDAD DE MEXICO","cus_email":"","cus_rfc":"BFI1906181U0","cus_phone":"","cus_phone_2":"","cus_internal_code":"B17","cus_qualification":"","cus_prospect":"1","cus_sponsored":"0","cus_legal_representative":"2","cus_legal_act":"2","cus_contract":"1","cut_id":"2","cus_status":"1","ver_date_real":"13-OCT-2021 10:59","period":"01-Oct-2021 - 01-Oct-2021"},{"pjtcn_id":"7","pjtcn_prod_sku":"080C002","pjtcn_prod_name":"1,200 W  HMI REFLECTOR FRESNEL","pjtcn_prod_price":"600.00","pjtcn_quantity":"1","pjtcn_days_base":"1","pjtcn_discount_base":"60.00","pjtcn_days_trip":"0","pjtcn_discount_trip":"0.00","pjtcn_days_test":"0","pjtcn_discount_test":"0.00","pjtcn_insured":"0.10","pjtcn_prod_level":"P","pjtcn_status":"1","ver_id":"25","prd_id":"1049","pjt_id":"5","pjt_number":"P0000005","pjt_name":"PSYCO","pjt_date_project":"2021-10-13 10:59:52","pjt_date_start":"2021-10-01 00:00:00","pjt_date_end":"2021-10-01 00:00:00","pjt_location":"CDMX","pjt_status":"2","cuo_id":"13","loc_id":"1","pjttp_id":"3","pjttp_name":"Comerciales","pjttp_min_download":"2","pjttp_max_download":"3","loc_location":null,"loc_country":null,"loc_type_location":"Local","prd_sku":"080C002","prd_name":"1,200 W  HMI REFLECTOR FRESNEL","prd_english_name":"","prd_code_provider":null,"prd_name_provider":null,"prd_model":"","prd_price":"600.00","prd_coin_type":"1","prd_visibility":"1","prd_comments":"","prd_status":"1","prd_level":"P","sbc_id":"70","srv_id":"1","cin_id":"1","prd_lonely":"","prd_insured":"1","doc_id":"0","cus_id":"71","cus_parent":"0","cus_name":"BOOGIE FILMS S. DE R.L. DE C.V.","cus_contact":"BOOGIE FILMS S. DE R.L. DE C.V.","cus_address":"TORIBIO ALCAZAR 72 CASA 4 AMP. MIGUEL HIDALGO 3RA SECCIO 12250 CIUDAD DE MEXICO","cus_email":"","cus_rfc":"BFI1906181U0","cus_phone":"","cus_phone_2":"","cus_internal_code":"B17","cus_qualification":"","cus_prospect":"1","cus_sponsored":"0","cus_legal_representative":"2","cus_legal_act":"2","cus_contract":"1","cut_id":"2","cus_status":"1","ver_date_real":"13-OCT-2021 10:59","period":"01-Oct-2021 - 01-Oct-2021"},{"pjtcn_id":"8","pjtcn_prod_sku":"080Z001","pjtcn_prod_name":"ARRI SKY PANEL CONTROL ALAMBRICO","pjtcn_prod_price":"600.00","pjtcn_quantity":"2","pjtcn_days_base":"1","pjtcn_discount_base":"60.00","pjtcn_days_trip":"0","pjtcn_discount_trip":"0.00","pjtcn_days_test":"0","pjtcn_discount_test":"0.00","pjtcn_insured":"0.10","pjtcn_prod_level":"P","pjtcn_status":"1","ver_id":"25","prd_id":"1246","pjt_id":"5","pjt_number":"P0000005","pjt_name":"PSYCO","pjt_date_project":"2021-10-13 10:59:52","pjt_date_start":"2021-10-01 00:00:00","pjt_date_end":"2021-10-01 00:00:00","pjt_location":"CDMX","pjt_status":"2","cuo_id":"13","loc_id":"1","pjttp_id":"3","pjttp_name":"Comerciales","pjttp_min_download":"2","pjttp_max_download":"3","loc_location":null,"loc_country":null,"loc_type_location":"Local","prd_sku":"080Z001","prd_name":"ARRI SKY PANEL CONTROL ALAMBRICO","prd_english_name":"","prd_code_provider":null,"prd_name_provider":null,"prd_model":"","prd_price":"600.00","prd_coin_type":"1","prd_visibility":"1","prd_comments":"","prd_status":"1","prd_level":"P","sbc_id":"92","srv_id":"1","cin_id":"1","prd_lonely":"","prd_insured":"1","doc_id":"0","cus_id":"71","cus_parent":"0","cus_name":"BOOGIE FILMS S. DE R.L. DE C.V.","cus_contact":"BOOGIE FILMS S. DE R.L. DE C.V.","cus_address":"TORIBIO ALCAZAR 72 CASA 4 AMP. MIGUEL HIDALGO 3RA SECCIO 12250 CIUDAD DE MEXICO","cus_email":"","cus_rfc":"BFI1906181U0","cus_phone":"","cus_phone_2":"","cus_internal_code":"B17","cus_qualification":"","cus_prospect":"1","cus_sponsored":"0","cus_legal_representative":"2","cus_legal_act":"2","cus_contract":"1","cut_id":"2","cus_status":"1","ver_date_real":"13-OCT-2021 10:59","period":"01-Oct-2021 - 01-Oct-2021"},{"pjtcn_id":"9","pjtcn_prod_sku":"080U001","pjtcn_prod_name":"ARRI SKY PANEL S-120","pjtcn_prod_price":"7500.00","pjtcn_quantity":"1","pjtcn_days_base":"1","pjtcn_discount_base":"60.00","pjtcn_days_trip":"0","pjtcn_discount_trip":"0.00","pjtcn_days_test":"0","pjtcn_discount_test":"0.00","pjtcn_insured":"0.10","pjtcn_prod_level":"P","pjtcn_status":"1","ver_id":"25","prd_id":"1159","pjt_id":"5","pjt_number":"P0000005","pjt_name":"PSYCO","pjt_date_project":"2021-10-13 10:59:52","pjt_date_start":"2021-10-01 00:00:00","pjt_date_end":"2021-10-01 00:00:00","pjt_location":"CDMX","pjt_status":"2","cuo_id":"13","loc_id":"1","pjttp_id":"3","pjttp_name":"Comerciales","pjttp_min_download":"2","pjttp_max_download":"3","loc_location":null,"loc_country":null,"loc_type_location":"Local","prd_sku":"080U001","prd_name":"ARRI SKY PANEL S-120","prd_english_name":"","prd_code_provider":null,"prd_name_provider":null,"prd_model":"","prd_price":"7500.00","prd_coin_type":"1","prd_visibility":"1","prd_comments":"","prd_status":"1","prd_level":"P","sbc_id":"87","srv_id":"1","cin_id":"1","prd_lonely":"","prd_insured":"1","doc_id":"0","cus_id":"71","cus_parent":"0","cus_name":"BOOGIE FILMS S. DE R.L. DE C.V.","cus_contact":"BOOGIE FILMS S. DE R.L. DE C.V.","cus_address":"TORIBIO ALCAZAR 72 CASA 4 AMP. MIGUEL HIDALGO 3RA SECCIO 12250 CIUDAD DE MEXICO","cus_email":"","cus_rfc":"BFI1906181U0","cus_phone":"","cus_phone_2":"","cus_internal_code":"B17","cus_qualification":"","cus_prospect":"1","cus_sponsored":"0","cus_legal_representative":"2","cus_legal_act":"2","cus_contract":"1","cut_id":"2","cus_status":"1","ver_date_real":"13-OCT-2021 10:59","period":"01-Oct-2021 - 01-Oct-2021"},{"pjtcn_id":"10","pjtcn_prod_sku":"080U004","pjtcn_prod_name":"ARRI SKY PANEL S-60","pjtcn_prod_price":"5000.00","pjtcn_quantity":"1","pjtcn_days_base":"1","pjtcn_discount_base":"60.00","pjtcn_days_trip":"0","pjtcn_discount_trip":"0.00","pjtcn_days_test":"0","pjtcn_discount_test":"0.00","pjtcn_insured":"0.10","pjtcn_prod_level":"P","pjtcn_status":"1","ver_id":"25","prd_id":"1162","pjt_id":"5","pjt_number":"P0000005","pjt_name":"PSYCO","pjt_date_project":"2021-10-13 10:59:52","pjt_date_start":"2021-10-01 00:00:00","pjt_date_end":"2021-10-01 00:00:00","pjt_location":"CDMX","pjt_status":"2","cuo_id":"13","loc_id":"1","pjttp_id":"3","pjttp_name":"Comerciales","pjttp_min_download":"2","pjttp_max_download":"3","loc_location":null,"loc_country":null,"loc_type_location":"Local","prd_sku":"080U004","prd_name":"ARRI SKY PANEL S-60","prd_english_name":"","prd_code_provider":null,"prd_name_provider":null,"prd_model":"","prd_price":"5000.00","prd_coin_type":"1","prd_visibility":"1","prd_comments":"","prd_status":"1","prd_level":"P","sbc_id":"87","srv_id":"1","cin_id":"1","prd_lonely":"","prd_insured":"1","doc_id":"0","cus_id":"71","cus_parent":"0","cus_name":"BOOGIE FILMS S. DE R.L. DE C.V.","cus_contact":"BOOGIE FILMS S. DE R.L. DE C.V.","cus_address":"TORIBIO ALCAZAR 72 CASA 4 AMP. MIGUEL HIDALGO 3RA SECCIO 12250 CIUDAD DE MEXICO","cus_email":"","cus_rfc":"BFI1906181U0","cus_phone":"","cus_phone_2":"","cus_internal_code":"B17","cus_qualification":"","cus_prospect":"1","cus_sponsored":"0","cus_legal_representative":"2","cus_legal_act":"2","cus_contract":"1","cut_id":"2","cus_status":"1","ver_date_real":"13-OCT-2021 10:59","period":"01-Oct-2021 - 01-Oct-2021"},{"pjtcn_id":"11","pjtcn_prod_sku":"010B020","pjtcn_prod_name":"CABEZA O CONNOR ULTIMATE 2560 BASE MITCHELL","pjtcn_prod_price":"1300.00","pjtcn_quantity":"1","pjtcn_days_base":"1","pjtcn_discount_base":"60.00","pjtcn_days_trip":"0","pjtcn_discount_trip":"0.00","pjtcn_days_test":"0","pjtcn_discount_test":"0.00","pjtcn_insured":"0.10","pjtcn_prod_level":"P","pjtcn_status":"1","ver_id":"25","prd_id":"26","pjt_id":"5","pjt_number":"P0000005","pjt_name":"PSYCO","pjt_date_project":"2021-10-13 10:59:52","pjt_date_start":"2021-10-01 00:00:00","pjt_date_end":"2021-10-01 00:00:00","pjt_location":"CDMX","pjt_status":"2","cuo_id":"13","loc_id":"1","pjttp_id":"3","pjttp_name":"Comerciales","pjttp_min_download":"2","pjttp_max_download":"3","loc_location":null,"loc_country":null,"loc_type_location":"Local","prd_sku":"010B020","prd_name":"CABEZA O CONNOR ULTIMATE 2560 BASE MITCHELL","prd_english_name":"","prd_code_provider":null,"prd_name_provider":null,"prd_model":"","prd_price":"1300.00","prd_coin_type":"1","prd_visibility":"1","prd_comments":"","prd_status":"1","prd_level":"P","sbc_id":"2","srv_id":"1","cin_id":"1","prd_lonely":"","prd_insured":"1","doc_id":"0","cus_id":"71","cus_parent":"0","cus_name":"BOOGIE FILMS S. DE R.L. DE C.V.","cus_contact":"BOOGIE FILMS S. DE R.L. DE C.V.","cus_address":"TORIBIO ALCAZAR 72 CASA 4 AMP. MIGUEL HIDALGO 3RA SECCIO 12250 CIUDAD DE MEXICO","cus_email":"","cus_rfc":"BFI1906181U0","cus_phone":"","cus_phone_2":"","cus_internal_code":"B17","cus_qualification":"","cus_prospect":"1","cus_sponsored":"0","cus_legal_representative":"2","cus_legal_act":"2","cus_contract":"1","cut_id":"2","cus_status":"1","ver_date_real":"13-OCT-2021 10:59","period":"01-Oct-2021 - 01-Oct-2021"},{"pjtcn_id":"12","pjtcn_prod_sku":"110B002","pjtcn_prod_name":"CAMI?N 5 TONELADAS CON ANAQUELES","pjtcn_prod_price":"4500.00","pjtcn_quantity":"1","pjtcn_days_base":"1","pjtcn_discount_base":"0.00","pjtcn_days_trip":"0","pjtcn_discount_trip":"0.00","pjtcn_days_test":"0","pjtcn_discount_test":"0.00","pjtcn_insured":"0.00","pjtcn_prod_level":"P","pjtcn_status":"1","ver_id":"25","prd_id":"1631","pjt_id":"5","pjt_number":"P0000005","pjt_name":"PSYCO","pjt_date_project":"2021-10-13 10:59:52","pjt_date_start":"2021-10-01 00:00:00","pjt_date_end":"2021-10-01 00:00:00","pjt_location":"CDMX","pjt_status":"2","cuo_id":"13","loc_id":"1","pjttp_id":"3","pjttp_name":"Comerciales","pjttp_min_download":"2","pjttp_max_download":"3","loc_location":null,"loc_country":null,"loc_type_location":"Local","prd_sku":"110B002","prd_name":"CAMI?N 5 TONELADAS CON ANAQUELES","prd_english_name":"","prd_code_provider":null,"prd_name_provider":null,"prd_model":"","prd_price":"4500.00","prd_coin_type":"1","prd_visibility":"1","prd_comments":"","prd_status":"1","prd_level":"P","sbc_id":"131","srv_id":"1","cin_id":"1","prd_lonely":"","prd_insured":"0","doc_id":"0","cus_id":"71","cus_parent":"0","cus_name":"BOOGIE FILMS S. DE R.L. DE C.V.","cus_contact":"BOOGIE FILMS S. DE R.L. DE C.V.","cus_address":"TORIBIO ALCAZAR 72 CASA 4 AMP. MIGUEL HIDALGO 3RA SECCIO 12250 CIUDAD DE MEXICO","cus_email":"","cus_rfc":"BFI1906181U0","cus_phone":"","cus_phone_2":"","cus_internal_code":"B17","cus_qualification":"","cus_prospect":"1","cus_sponsored":"0","cus_legal_representative":"2","cus_legal_act":"2","cus_contract":"1","cut_id":"2","cus_status":"1","ver_date_real":"13-OCT-2021 10:59","period":"01-Oct-2021 - 01-Oct-2021"},{"pjtcn_id":"13","pjtcn_prod_sku":"010C005","pjtcn_prod_name":"CARRO PARA ACCESORIOS DE CAMARA","pjtcn_prod_price":"600.00","pjtcn_quantity":"2","pjtcn_days_base":"1","pjtcn_discount_base":"60.00","pjtcn_days_trip":"0","pjtcn_discount_trip":"0.00","pjtcn_days_test":"0","pjtcn_discount_test":"0.00","pjtcn_insured":"0.10","pjtcn_prod_level":"P","pjtcn_status":"1","ver_id":"25","prd_id":"31","pjt_id":"5","pjt_number":"P0000005","pjt_name":"PSYCO","pjt_date_project":"2021-10-13 10:59:52","pjt_date_start":"2021-10-01 00:00:00","pjt_date_end":"2021-10-01 00:00:00","pjt_location":"CDMX","pjt_status":"2","cuo_id":"13","loc_id":"1","pjttp_id":"3","pjttp_name":"Comerciales","pjttp_min_download":"2","pjttp_max_download":"3","loc_location":null,"loc_country":null,"loc_type_location":"Local","prd_sku":"010C005","prd_name":"CARRO PARA ACCESORIOS DE CAMARA","prd_english_name":"","prd_code_provider":null,"prd_name_provider":null,"prd_model":"","prd_price":"600.00","prd_coin_type":"1","prd_visibility":"1","prd_comments":"","prd_status":"1","prd_level":"P","sbc_id":"3","srv_id":"1","cin_id":"1","prd_lonely":"","prd_insured":"1","doc_id":"0","cus_id":"71","cus_parent":"0","cus_name":"BOOGIE FILMS S. DE R.L. DE C.V.","cus_contact":"BOOGIE FILMS S. DE R.L. DE C.V.","cus_address":"TORIBIO ALCAZAR 72 CASA 4 AMP. MIGUEL HIDALGO 3RA SECCIO 12250 CIUDAD DE MEXICO","cus_email":"","cus_rfc":"BFI1906181U0","cus_phone":"","cus_phone_2":"","cus_internal_code":"B17","cus_qualification":"","cus_prospect":"1","cus_sponsored":"0","cus_legal_representative":"2","cus_legal_act":"2","cus_contract":"1","cut_id":"2","cus_status":"1","ver_date_real":"13-OCT-2021 10:59","period":"01-Oct-2021 - 01-Oct-2021"},{"pjtcn_id":"14","pjtcn_prod_sku":"080Y003","pjtcn_prod_name":"CHIMERA COMPLETA SKY PANEL S-120","pjtcn_prod_price":"2000.00","pjtcn_quantity":"1","pjtcn_days_base":"1","pjtcn_discount_base":"60.00","pjtcn_days_trip":"0","pjtcn_discount_trip":"0.00","pjtcn_days_test":"0","pjtcn_discount_test":"0.00","pjtcn_insured":"0.10","pjtcn_prod_level":"P","pjtcn_status":"1","ver_id":"25","prd_id":"1231","pjt_id":"5","pjt_number":"P0000005","pjt_name":"PSYCO","pjt_date_project":"2021-10-13 10:59:52","pjt_date_start":"2021-10-01 00:00:00","pjt_date_end":"2021-10-01 00:00:00","pjt_location":"CDMX","pjt_status":"2","cuo_id":"13","loc_id":"1","pjttp_id":"3","pjttp_name":"Comerciales","pjttp_min_download":"2","pjttp_max_download":"3","loc_location":null,"loc_country":null,"loc_type_location":"Local","prd_sku":"080Y003","prd_name":"CHIMERA COMPLETA SKY PANEL S-120","prd_english_name":"","prd_code_provider":null,"prd_name_provider":null,"prd_model":"","prd_price":"2000.00","prd_coin_type":"1","prd_visibility":"1","prd_comments":"","prd_status":"1","prd_level":"P","sbc_id":"91","srv_id":"1","cin_id":"1","prd_lonely":"","prd_insured":"1","doc_id":"0","cus_id":"71","cus_parent":"0","cus_name":"BOOGIE FILMS S. DE R.L. DE C.V.","cus_contact":"BOOGIE FILMS S. DE R.L. DE C.V.","cus_address":"TORIBIO ALCAZAR 72 CASA 4 AMP. MIGUEL HIDALGO 3RA SECCIO 12250 CIUDAD DE MEXICO","cus_email":"","cus_rfc":"BFI1906181U0","cus_phone":"","cus_phone_2":"","cus_internal_code":"B17","cus_qualification":"","cus_prospect":"1","cus_sponsored":"0","cus_legal_representative":"2","cus_legal_act":"2","cus_contract":"1","cut_id":"2","cus_status":"1","ver_date_real":"13-OCT-2021 10:59","period":"01-Oct-2021 - 01-Oct-2021"},{"pjtcn_id":"15","pjtcn_prod_sku":"080Y002","pjtcn_prod_name":"CHIMERA COMPLETA SKY PANEL S-60","pjtcn_prod_price":"1500.00","pjtcn_quantity":"1","pjtcn_days_base":"1","pjtcn_discount_base":"60.00","pjtcn_days_trip":"0","pjtcn_discount_trip":"0.00","pjtcn_days_test":"0","pjtcn_discount_test":"0.00","pjtcn_insured":"0.10","pjtcn_prod_level":"P","pjtcn_status":"1","ver_id":"25","prd_id":"1230","pjt_id":"5","pjt_number":"P0000005","pjt_name":"PSYCO","pjt_date_project":"2021-10-13 10:59:52","pjt_date_start":"2021-10-01 00:00:00","pjt_date_end":"2021-10-01 00:00:00","pjt_location":"CDMX","pjt_status":"2","cuo_id":"13","loc_id":"1","pjttp_id":"3","pjttp_name":"Comerciales","pjttp_min_download":"2","pjttp_max_download":"3","loc_location":null,"loc_country":null,"loc_type_location":"Local","prd_sku":"080Y002","prd_name":"CHIMERA COMPLETA SKY PANEL S-60","prd_english_name":"","prd_code_provider":null,"prd_name_provider":null,"prd_model":"","prd_price":"1500.00","prd_coin_type":"1","prd_visibility":"1","prd_comments":"","prd_status":"1","prd_level":"P","sbc_id":"91","srv_id":"1","cin_id":"1","prd_lonely":"","prd_insured":"1","doc_id":"0","cus_id":"71","cus_parent":"0","cus_name":"BOOGIE FILMS S. DE R.L. DE C.V.","cus_contact":"BOOGIE FILMS S. DE R.L. DE C.V.","cus_address":"TORIBIO ALCAZAR 72 CASA 4 AMP. MIGUEL HIDALGO 3RA SECCIO 12250 CIUDAD DE MEXICO","cus_email":"","cus_rfc":"BFI1906181U0","cus_phone":"","cus_phone_2":"","cus_internal_code":"B17","cus_qualification":"","cus_prospect":"1","cus_sponsored":"0","cus_legal_representative":"2","cus_legal_act":"2","cus_contract":"1","cut_id":"2","cus_status":"1","ver_date_real":"13-OCT-2021 10:59","period":"01-Oct-2021 - 01-Oct-2021"},{"pjtcn_id":"16","pjtcn_prod_sku":"010R027","pjtcn_prod_name":"CINESADLE","pjtcn_prod_price":"600.00","pjtcn_quantity":"1","pjtcn_days_base":"1","pjtcn_discount_base":"60.00","pjtcn_days_trip":"0","pjtcn_discount_trip":"0.00","pjtcn_days_test":"0","pjtcn_discount_test":"0.00","pjtcn_insured":"0.10","pjtcn_prod_level":"P","pjtcn_status":"1","ver_id":"25","prd_id":"257","pjt_id":"5","pjt_number":"P0000005","pjt_name":"PSYCO","pjt_date_project":"2021-10-13 10:59:52","pjt_date_start":"2021-10-01 00:00:00","pjt_date_end":"2021-10-01 00:00:00","pjt_location":"CDMX","pjt_status":"2","cuo_id":"13","loc_id":"1","pjttp_id":"3","pjttp_name":"Comerciales","pjttp_min_download":"2","pjttp_max_download":"3","loc_location":null,"loc_country":null,"loc_type_location":"Local","prd_sku":"010R027","prd_name":"CINESADLE","prd_english_name":"","prd_code_provider":null,"prd_name_provider":null,"prd_model":"","prd_price":"600.00","prd_coin_type":"1","prd_visibility":"1","prd_comments":"","prd_status":"1","prd_level":"P","sbc_id":"18","srv_id":"1","cin_id":"1","prd_lonely":"","prd_insured":"1","doc_id":"0","cus_id":"71","cus_parent":"0","cus_name":"BOOGIE FILMS S. DE R.L. DE C.V.","cus_contact":"BOOGIE FILMS S. DE R.L. DE C.V.","cus_address":"TORIBIO ALCAZAR 72 CASA 4 AMP. MIGUEL HIDALGO 3RA SECCIO 12250 CIUDAD DE MEXICO","cus_email":"","cus_rfc":"BFI1906181U0","cus_phone":"","cus_phone_2":"","cus_internal_code":"B17","cus_qualification":"","cus_prospect":"1","cus_sponsored":"0","cus_legal_representative":"2","cus_legal_act":"2","cus_contract":"1","cut_id":"2","cus_status":"1","ver_date_real":"13-OCT-2021 10:59","period":"01-Oct-2021 - 01-Oct-2021"},{"pjtcn_id":"17","pjtcn_prod_sku":"010G010","pjtcn_prod_name":"CLIP ON 4X5.6","pjtcn_prod_price":"700.00","pjtcn_quantity":"1","pjtcn_days_base":"1","pjtcn_discount_base":"60.00","pjtcn_days_trip":"0","pjtcn_discount_trip":"0.00","pjtcn_days_test":"0","pjtcn_discount_test":"0.00","pjtcn_insured":"0.10","pjtcn_prod_level":"P","pjtcn_status":"1","ver_id":"25","prd_id":"132","pjt_id":"5","pjt_number":"P0000005","pjt_name":"PSYCO","pjt_date_project":"2021-10-13 10:59:52","pjt_date_start":"2021-10-01 00:00:00","pjt_date_end":"2021-10-01 00:00:00","pjt_location":"CDMX","pjt_status":"2","cuo_id":"13","loc_id":"1","pjttp_id":"3","pjttp_name":"Comerciales","pjttp_min_download":"2","pjttp_max_download":"3","loc_location":null,"loc_country":null,"loc_type_location":"Local","prd_sku":"010G010","prd_name":"CLIP ON 4X5.6","prd_english_name":"","prd_code_provider":null,"prd_name_provider":null,"prd_model":"","prd_price":"700.00","prd_coin_type":"1","prd_visibility":"1","prd_comments":"","prd_status":"1","prd_level":"P","sbc_id":"7","srv_id":"1","cin_id":"1","prd_lonely":"","prd_insured":"1","doc_id":"0","cus_id":"71","cus_parent":"0","cus_name":"BOOGIE FILMS S. DE R.L. DE C.V.","cus_contact":"BOOGIE FILMS S. DE R.L. DE C.V.","cus_address":"TORIBIO ALCAZAR 72 CASA 4 AMP. MIGUEL HIDALGO 3RA SECCIO 12250 CIUDAD DE MEXICO","cus_email":"","cus_rfc":"BFI1906181U0","cus_phone":"","cus_phone_2":"","cus_internal_code":"B17","cus_qualification":"","cus_prospect":"1","cus_sponsored":"0","cus_legal_representative":"2","cus_legal_act":"2","cus_contract":"1","cut_id":"2","cus_status":"1","ver_date_real":"13-OCT-2021 10:59","period":"01-Oct-2021 - 01-Oct-2021"},{"pjtcn_id":"18","pjtcn_prod_sku":"070C024","pjtcn_prod_name":"FIL. 4 X 5.6\" ROTA POLA","pjtcn_prod_price":"1200.00","pjtcn_quantity":"1","pjtcn_days_base":"1","pjtcn_discount_base":"60.00","pjtcn_days_trip":"0","pjtcn_discount_trip":"0.00","pjtcn_days_test":"0","pjtcn_discount_test":"0.00","pjtcn_insured":"0.10","pjtcn_prod_level":"P","pjtcn_status":"1","ver_id":"25","prd_id":"999","pjt_id":"5","pjt_number":"P0000005","pjt_name":"PSYCO","pjt_date_project":"2021-10-13 10:59:52","pjt_date_start":"2021-10-01 00:00:00","pjt_date_end":"2021-10-01 00:00:00","pjt_location":"CDMX","pjt_status":"2","cuo_id":"13","loc_id":"1","pjttp_id":"3","pjttp_name":"Comerciales","pjttp_min_download":"2","pjttp_max_download":"3","loc_location":null,"loc_country":null,"loc_type_location":"Local","prd_sku":"070C024","prd_name":"FIL. 4 X 5.6\" ROTA POLA","prd_english_name":"","prd_code_provider":null,"prd_name_provider":null,"prd_model":"","prd_price":"1200.00","prd_coin_type":"1","prd_visibility":"1","prd_comments":"","prd_status":"1","prd_level":"P","sbc_id":"65","srv_id":"1","cin_id":"1","prd_lonely":"","prd_insured":"1","doc_id":"0","cus_id":"71","cus_parent":"0","cus_name":"BOOGIE FILMS S. DE R.L. DE C.V.","cus_contact":"BOOGIE FILMS S. DE R.L. DE C.V.","cus_address":"TORIBIO ALCAZAR 72 CASA 4 AMP. MIGUEL HIDALGO 3RA SECCIO 12250 CIUDAD DE MEXICO","cus_email":"","cus_rfc":"BFI1906181U0","cus_phone":"","cus_phone_2":"","cus_internal_code":"B17","cus_qualification":"","cus_prospect":"1","cus_sponsored":"0","cus_legal_representative":"2","cus_legal_act":"2","cus_contract":"1","cut_id":"2","cus_status":"1","ver_date_real":"13-OCT-2021 10:59","period":"01-Oct-2021 - 01-Oct-2021"},{"pjtcn_id":"19","pjtcn_prod_sku":"070C015","pjtcn_prod_name":"FIL. 4 X 5.65\"  POLA","pjtcn_prod_price":"400.00","pjtcn_quantity":"1","pjtcn_days_base":"1","pjtcn_discount_base":"60.00","pjtcn_days_trip":"0","pjtcn_discount_trip":"0.00","pjtcn_days_test":"0","pjtcn_discount_test":"0.00","pjtcn_insured":"0.10","pjtcn_prod_level":"P","pjtcn_status":"1","ver_id":"25","prd_id":"990","pjt_id":"5","pjt_number":"P0000005","pjt_name":"PSYCO","pjt_date_project":"2021-10-13 10:59:52","pjt_date_start":"2021-10-01 00:00:00","pjt_date_end":"2021-10-01 00:00:00","pjt_location":"CDMX","pjt_status":"2","cuo_id":"13","loc_id":"1","pjttp_id":"3","pjttp_name":"Comerciales","pjttp_min_download":"2","pjttp_max_download":"3","loc_location":null,"loc_country":null,"loc_type_location":"Local","prd_sku":"070C015","prd_name":"FIL. 4 X 5.65\"  POLA","prd_english_name":"","prd_code_provider":null,"prd_name_provider":null,"prd_model":"","prd_price":"400.00","prd_coin_type":"1","prd_visibility":"1","prd_comments":"","prd_status":"1","prd_level":"P","sbc_id":"65","srv_id":"1","cin_id":"1","prd_lonely":"","prd_insured":"1","doc_id":"0","cus_id":"71","cus_parent":"0","cus_name":"BOOGIE FILMS S. DE R.L. DE C.V.","cus_contact":"BOOGIE FILMS S. DE R.L. DE C.V.","cus_address":"TORIBIO ALCAZAR 72 CASA 4 AMP. MIGUEL HIDALGO 3RA SECCIO 12250 CIUDAD DE MEXICO","cus_email":"","cus_rfc":"BFI1906181U0","cus_phone":"","cus_phone_2":"","cus_internal_code":"B17","cus_qualification":"","cus_prospect":"1","cus_sponsored":"0","cus_legal_representative":"2","cus_legal_act":"2","cus_contract":"1","cut_id":"2","cus_status":"1","ver_date_real":"13-OCT-2021 10:59","period":"01-Oct-2021 - 01-Oct-2021"},{"pjtcn_id":"20","pjtcn_prod_sku":"070C003","pjtcn_prod_name":"FIL. 4 X 5.65\" NEUTRAL DENSITY (.3, .6,. 9)","pjtcn_prod_price":"400.00","pjtcn_quantity":"1","pjtcn_days_base":"1","pjtcn_discount_base":"60.00","pjtcn_days_trip":"0","pjtcn_discount_trip":"0.00","pjtcn_days_test":"0","pjtcn_discount_test":"0.00","pjtcn_insured":"0.10","pjtcn_prod_level":"P","pjtcn_status":"1","ver_id":"25","prd_id":"978","pjt_id":"5","pjt_number":"P0000005","pjt_name":"PSYCO","pjt_date_project":"2021-10-13 10:59:52","pjt_date_start":"2021-10-01 00:00:00","pjt_date_end":"2021-10-01 00:00:00","pjt_location":"CDMX","pjt_status":"2","cuo_id":"13","loc_id":"1","pjttp_id":"3","pjttp_name":"Comerciales","pjttp_min_download":"2","pjttp_max_download":"3","loc_location":null,"loc_country":null,"loc_type_location":"Local","prd_sku":"070C003","prd_name":"FIL. 4 X 5.65\" NEUTRAL DENSITY (.3, .6,. 9)","prd_english_name":"","prd_code_provider":null,"prd_name_provider":null,"prd_model":"","prd_price":"400.00","prd_coin_type":"1","prd_visibility":"1","prd_comments":"","prd_status":"1","prd_level":"P","sbc_id":"65","srv_id":"1","cin_id":"1","prd_lonely":"","prd_insured":"1","doc_id":"0","cus_id":"71","cus_parent":"0","cus_name":"BOOGIE FILMS S. DE R.L. DE C.V.","cus_contact":"BOOGIE FILMS S. DE R.L. DE C.V.","cus_address":"TORIBIO ALCAZAR 72 CASA 4 AMP. MIGUEL HIDALGO 3RA SECCIO 12250 CIUDAD DE MEXICO","cus_email":"","cus_rfc":"BFI1906181U0","cus_phone":"","cus_phone_2":"","cus_internal_code":"B17","cus_qualification":"","cus_prospect":"1","cus_sponsored":"0","cus_legal_representative":"2","cus_legal_act":"2","cus_contract":"1","cut_id":"2","cus_status":"1","ver_date_real":"13-OCT-2021 10:59","period":"01-Oct-2021 - 01-Oct-2021"},{"pjtcn_id":"21","pjtcn_prod_sku":"070C013","pjtcn_prod_name":"FIL. GLIMMERGLASS 4 X 5.65\" 1\/2","pjtcn_prod_price":"400.00","pjtcn_quantity":"1","pjtcn_days_base":"1","pjtcn_discount_base":"60.00","pjtcn_days_trip":"0","pjtcn_discount_trip":"0.00","pjtcn_days_test":"0","pjtcn_discount_test":"0.00","pjtcn_insured":"0.10","pjtcn_prod_level":"P","pjtcn_status":"1","ver_id":"25","prd_id":"988","pjt_id":"5","pjt_number":"P0000005","pjt_name":"PSYCO","pjt_date_project":"2021-10-13 10:59:52","pjt_date_start":"2021-10-01 00:00:00","pjt_date_end":"2021-10-01 00:00:00","pjt_location":"CDMX","pjt_status":"2","cuo_id":"13","loc_id":"1","pjttp_id":"3","pjttp_name":"Comerciales","pjttp_min_download":"2","pjttp_max_download":"3","loc_location":null,"loc_country":null,"loc_type_location":"Local","prd_sku":"070C013","prd_name":"FIL. GLIMMERGLASS 4 X 5.65\" 1\/2","prd_english_name":"","prd_code_provider":null,"prd_name_provider":null,"prd_model":"","prd_price":"400.00","prd_coin_type":"1","prd_visibility":"1","prd_comments":"","prd_status":"1","prd_level":"P","sbc_id":"65","srv_id":"1","cin_id":"1","prd_lonely":"","prd_insured":"1","doc_id":"0","cus_id":"71","cus_parent":"0","cus_name":"BOOGIE FILMS S. DE R.L. DE C.V.","cus_contact":"BOOGIE FILMS S. DE R.L. DE C.V.","cus_address":"TORIBIO ALCAZAR 72 CASA 4 AMP. MIGUEL HIDALGO 3RA SECCIO 12250 CIUDAD DE MEXICO","cus_email":"","cus_rfc":"BFI1906181U0","cus_phone":"","cus_phone_2":"","cus_internal_code":"B17","cus_qualification":"","cus_prospect":"1","cus_sponsored":"0","cus_legal_representative":"2","cus_legal_act":"2","cus_contract":"1","cut_id":"2","cus_status":"1","ver_date_real":"13-OCT-2021 10:59","period":"01-Oct-2021 - 01-Oct-2021"},{"pjtcn_id":"22","pjtcn_prod_sku":"070C012","pjtcn_prod_name":"FIL. GLIMMERGLASS 4 X 5.65\" 1\/4","pjtcn_prod_price":"400.00","pjtcn_quantity":"1","pjtcn_days_base":"1","pjtcn_discount_base":"60.00","pjtcn_days_trip":"0","pjtcn_discount_trip":"0.00","pjtcn_days_test":"0","pjtcn_discount_test":"0.00","pjtcn_insured":"0.10","pjtcn_prod_level":"P","pjtcn_status":"1","ver_id":"25","prd_id":"987","pjt_id":"5","pjt_number":"P0000005","pjt_name":"PSYCO","pjt_date_project":"2021-10-13 10:59:52","pjt_date_start":"2021-10-01 00:00:00","pjt_date_end":"2021-10-01 00:00:00","pjt_location":"CDMX","pjt_status":"2","cuo_id":"13","loc_id":"1","pjttp_id":"3","pjttp_name":"Comerciales","pjttp_min_download":"2","pjttp_max_download":"3","loc_location":null,"loc_country":null,"loc_type_location":"Local","prd_sku":"070C012","prd_name":"FIL. GLIMMERGLASS 4 X 5.65\" 1\/4","prd_english_name":"","prd_code_provider":null,"prd_name_provider":null,"prd_model":"","prd_price":"400.00","prd_coin_type":"1","prd_visibility":"1","prd_comments":"","prd_status":"1","prd_level":"P","sbc_id":"65","srv_id":"1","cin_id":"1","prd_lonely":"","prd_insured":"1","doc_id":"0","cus_id":"71","cus_parent":"0","cus_name":"BOOGIE FILMS S. DE R.L. DE C.V.","cus_contact":"BOOGIE FILMS S. DE R.L. DE C.V.","cus_address":"TORIBIO ALCAZAR 72 CASA 4 AMP. MIGUEL HIDALGO 3RA SECCIO 12250 CIUDAD DE MEXICO","cus_email":"","cus_rfc":"BFI1906181U0","cus_phone":"","cus_phone_2":"","cus_internal_code":"B17","cus_qualification":"","cus_prospect":"1","cus_sponsored":"0","cus_legal_representative":"2","cus_legal_act":"2","cus_contract":"1","cut_id":"2","cus_status":"1","ver_date_real":"13-OCT-2021 10:59","period":"01-Oct-2021 - 01-Oct-2021"},{"pjtcn_id":"23","pjtcn_prod_sku":"070C011","pjtcn_prod_name":"FIL. GLIMMERGLASS 4 X 5.65\" 1\/8","pjtcn_prod_price":"400.00","pjtcn_quantity":"1","pjtcn_days_base":"1","pjtcn_discount_base":"60.00","pjtcn_days_trip":"0","pjtcn_discount_trip":"0.00","pjtcn_days_test":"0","pjtcn_discount_test":"0.00","pjtcn_insured":"0.10","pjtcn_prod_level":"P","pjtcn_status":"1","ver_id":"25","prd_id":"986","pjt_id":"5","pjt_number":"P0000005","pjt_name":"PSYCO","pjt_date_project":"2021-10-13 10:59:52","pjt_date_start":"2021-10-01 00:00:00","pjt_date_end":"2021-10-01 00:00:00","pjt_location":"CDMX","pjt_status":"2","cuo_id":"13","loc_id":"1","pjttp_id":"3","pjttp_name":"Comerciales","pjttp_min_download":"2","pjttp_max_download":"3","loc_location":null,"loc_country":null,"loc_type_location":"Local","prd_sku":"070C011","prd_name":"FIL. GLIMMERGLASS 4 X 5.65\" 1\/8","prd_english_name":"","prd_code_provider":null,"prd_name_provider":null,"prd_model":"","prd_price":"400.00","prd_coin_type":"1","prd_visibility":"1","prd_comments":"","prd_status":"1","prd_level":"P","sbc_id":"65","srv_id":"1","cin_id":"1","prd_lonely":"","prd_insured":"1","doc_id":"0","cus_id":"71","cus_parent":"0","cus_name":"BOOGIE FILMS S. DE R.L. DE C.V.","cus_contact":"BOOGIE FILMS S. DE R.L. DE C.V.","cus_address":"TORIBIO ALCAZAR 72 CASA 4 AMP. MIGUEL HIDALGO 3RA SECCIO 12250 CIUDAD DE MEXICO","cus_email":"","cus_rfc":"BFI1906181U0","cus_phone":"","cus_phone_2":"","cus_internal_code":"B17","cus_qualification":"","cus_prospect":"1","cus_sponsored":"0","cus_legal_representative":"2","cus_legal_act":"2","cus_contract":"1","cut_id":"2","cus_status":"1","ver_date_real":"13-OCT-2021 10:59","period":"01-Oct-2021 - 01-Oct-2021"},{"pjtcn_id":"24","pjtcn_prod_sku":"010C006","pjtcn_prod_name":"HAND HELD SHOULDER","pjtcn_prod_price":"420.00","pjtcn_quantity":"1","pjtcn_days_base":"1","pjtcn_discount_base":"60.00","pjtcn_days_trip":"0","pjtcn_discount_trip":"0.00","pjtcn_days_test":"0","pjtcn_discount_test":"0.00","pjtcn_insured":"0.10","pjtcn_prod_level":"P","pjtcn_status":"1","ver_id":"25","prd_id":"32","pjt_id":"5","pjt_number":"P0000005","pjt_name":"PSYCO","pjt_date_project":"2021-10-13 10:59:52","pjt_date_start":"2021-10-01 00:00:00","pjt_date_end":"2021-10-01 00:00:00","pjt_location":"CDMX","pjt_status":"2","cuo_id":"13","loc_id":"1","pjttp_id":"3","pjttp_name":"Comerciales","pjttp_min_download":"2","pjttp_max_download":"3","loc_location":null,"loc_country":null,"loc_type_location":"Local","prd_sku":"010C006","prd_name":"HAND HELD SHOULDER","prd_english_name":"","prd_code_provider":null,"prd_name_provider":null,"prd_model":"","prd_price":"420.00","prd_coin_type":"1","prd_visibility":"1","prd_comments":"","prd_status":"1","prd_level":"P","sbc_id":"3","srv_id":"1","cin_id":"1","prd_lonely":"","prd_insured":"1","doc_id":"0","cus_id":"71","cus_parent":"0","cus_name":"BOOGIE FILMS S. DE R.L. DE C.V.","cus_contact":"BOOGIE FILMS S. DE R.L. DE C.V.","cus_address":"TORIBIO ALCAZAR 72 CASA 4 AMP. MIGUEL HIDALGO 3RA SECCIO 12250 CIUDAD DE MEXICO","cus_email":"","cus_rfc":"BFI1906181U0","cus_phone":"","cus_phone_2":"","cus_internal_code":"B17","cus_qualification":"","cus_prospect":"1","cus_sponsored":"0","cus_legal_representative":"2","cus_legal_act":"2","cus_contract":"1","cut_id":"2","cus_status":"1","ver_date_real":"13-OCT-2021 10:59","period":"01-Oct-2021 - 01-Oct-2021"},{"pjtcn_id":"25","pjtcn_prod_sku":"080U011","pjtcn_prod_name":"KIT ASTERA TITAN","pjtcn_prod_price":"8500.00","pjtcn_quantity":"1","pjtcn_days_base":"1","pjtcn_discount_base":"60.00","pjtcn_days_trip":"0","pjtcn_discount_trip":"0.00","pjtcn_days_test":"0","pjtcn_discount_test":"0.00","pjtcn_insured":"0.10","pjtcn_prod_level":"P","pjtcn_status":"1","ver_id":"25","prd_id":"1169","pjt_id":"5","pjt_number":"P0000005","pjt_name":"PSYCO","pjt_date_project":"2021-10-13 10:59:52","pjt_date_start":"2021-10-01 00:00:00","pjt_date_end":"2021-10-01 00:00:00","pjt_location":"CDMX","pjt_status":"2","cuo_id":"13","loc_id":"1","pjttp_id":"3","pjttp_name":"Comerciales","pjttp_min_download":"2","pjttp_max_download":"3","loc_location":null,"loc_country":null,"loc_type_location":"Local","prd_sku":"080U011","prd_name":"KIT ASTERA TITAN","prd_english_name":"","prd_code_provider":null,"prd_name_provider":null,"prd_model":"","prd_price":"8500.00","prd_coin_type":"1","prd_visibility":"1","prd_comments":"","prd_status":"1","prd_level":"P","sbc_id":"87","srv_id":"1","cin_id":"1","prd_lonely":"","prd_insured":"1","doc_id":"0","cus_id":"71","cus_parent":"0","cus_name":"BOOGIE FILMS S. DE R.L. DE C.V.","cus_contact":"BOOGIE FILMS S. DE R.L. DE C.V.","cus_address":"TORIBIO ALCAZAR 72 CASA 4 AMP. MIGUEL HIDALGO 3RA SECCIO 12250 CIUDAD DE MEXICO","cus_email":"","cus_rfc":"BFI1906181U0","cus_phone":"","cus_phone_2":"","cus_internal_code":"B17","cus_qualification":"","cus_prospect":"1","cus_sponsored":"0","cus_legal_representative":"2","cus_legal_act":"2","cus_contract":"1","cut_id":"2","cus_status":"1","ver_date_real":"13-OCT-2021 10:59","period":"01-Oct-2021 - 01-Oct-2021"},{"pjtcn_id":"26","pjtcn_prod_sku":"010M007","pjtcn_prod_name":"LECTOR DE TARJETAS CFAST 2.0 PARA ALEXA MINI","pjtcn_prod_price":"2200.00","pjtcn_quantity":"1","pjtcn_days_base":"1","pjtcn_discount_base":"60.00","pjtcn_days_trip":"0","pjtcn_discount_trip":"0.00","pjtcn_days_test":"0","pjtcn_discount_test":"0.00","pjtcn_insured":"0.10","pjtcn_prod_level":"P","pjtcn_status":"1","ver_id":"25","prd_id":"209","pjt_id":"5","pjt_number":"P0000005","pjt_name":"PSYCO","pjt_date_project":"2021-10-13 10:59:52","pjt_date_start":"2021-10-01 00:00:00","pjt_date_end":"2021-10-01 00:00:00","pjt_location":"CDMX","pjt_status":"2","cuo_id":"13","loc_id":"1","pjttp_id":"3","pjttp_name":"Comerciales","pjttp_min_download":"2","pjttp_max_download":"3","loc_location":null,"loc_country":null,"loc_type_location":"Local","prd_sku":"010M007","prd_name":"LECTOR DE TARJETAS CFAST 2.0 PARA ALEXA MINI","prd_english_name":"","prd_code_provider":null,"prd_name_provider":null,"prd_model":"","prd_price":"2200.00","prd_coin_type":"1","prd_visibility":"1","prd_comments":"","prd_status":"1","prd_level":"P","sbc_id":"13","srv_id":"1","cin_id":"1","prd_lonely":"","prd_insured":"1","doc_id":"0","cus_id":"71","cus_parent":"0","cus_name":"BOOGIE FILMS S. DE R.L. DE C.V.","cus_contact":"BOOGIE FILMS S. DE R.L. DE C.V.","cus_address":"TORIBIO ALCAZAR 72 CASA 4 AMP. MIGUEL HIDALGO 3RA SECCIO 12250 CIUDAD DE MEXICO","cus_email":"","cus_rfc":"BFI1906181U0","cus_phone":"","cus_phone_2":"","cus_internal_code":"B17","cus_qualification":"","cus_prospect":"1","cus_sponsored":"0","cus_legal_representative":"2","cus_legal_act":"2","cus_contract":"1","cut_id":"2","cus_status":"1","ver_date_real":"13-OCT-2021 10:59","period":"01-Oct-2021 - 01-Oct-2021"},{"pjtcn_id":"27","pjtcn_prod_sku":"010D023","pjtcn_prod_name":"MONITOR SMALL 503 ULTRA BRIGHT","pjtcn_prod_price":"3000.00","pjtcn_quantity":"1","pjtcn_days_base":"1","pjtcn_discount_base":"60.00","pjtcn_days_trip":"0","pjtcn_discount_trip":"0.00","pjtcn_days_test":"0","pjtcn_discount_test":"0.00","pjtcn_insured":"0.10","pjtcn_prod_level":"P","pjtcn_status":"1","ver_id":"25","prd_id":"66","pjt_id":"5","pjt_number":"P0000005","pjt_name":"PSYCO","pjt_date_project":"2021-10-13 10:59:52","pjt_date_start":"2021-10-01 00:00:00","pjt_date_end":"2021-10-01 00:00:00","pjt_location":"CDMX","pjt_status":"2","cuo_id":"13","loc_id":"1","pjttp_id":"3","pjttp_name":"Comerciales","pjttp_min_download":"2","pjttp_max_download":"3","loc_location":null,"loc_country":null,"loc_type_location":"Local","prd_sku":"010D023","prd_name":"MONITOR SMALL 503 ULTRA BRIGHT","prd_english_name":"","prd_code_provider":null,"prd_name_provider":null,"prd_model":"","prd_price":"3000.00","prd_coin_type":"1","prd_visibility":"1","prd_comments":"","prd_status":"1","prd_level":"P","sbc_id":"4","srv_id":"1","cin_id":"1","prd_lonely":"","prd_insured":"1","doc_id":"0","cus_id":"71","cus_parent":"0","cus_name":"BOOGIE FILMS S. DE R.L. DE C.V.","cus_contact":"BOOGIE FILMS S. DE R.L. DE C.V.","cus_address":"TORIBIO ALCAZAR 72 CASA 4 AMP. MIGUEL HIDALGO 3RA SECCIO 12250 CIUDAD DE MEXICO","cus_email":"","cus_rfc":"BFI1906181U0","cus_phone":"","cus_phone_2":"","cus_internal_code":"B17","cus_qualification":"","cus_prospect":"1","cus_sponsored":"0","cus_legal_representative":"2","cus_legal_act":"2","cus_contract":"1","cut_id":"2","cus_status":"1","ver_date_real":"13-OCT-2021 10:59","period":"01-Oct-2021 - 01-Oct-2021"},{"pjtcn_id":"28","pjtcn_prod_sku":"010D022","pjtcn_prod_name":"MONITOR SMALL 703 ULTRA BRIGHT","pjtcn_prod_price":"3500.00","pjtcn_quantity":"1","pjtcn_days_base":"1","pjtcn_discount_base":"60.00","pjtcn_days_trip":"0","pjtcn_discount_trip":"0.00","pjtcn_days_test":"0","pjtcn_discount_test":"0.00","pjtcn_insured":"0.10","pjtcn_prod_level":"P","pjtcn_status":"1","ver_id":"25","prd_id":"65","pjt_id":"5","pjt_number":"P0000005","pjt_name":"PSYCO","pjt_date_project":"2021-10-13 10:59:52","pjt_date_start":"2021-10-01 00:00:00","pjt_date_end":"2021-10-01 00:00:00","pjt_location":"CDMX","pjt_status":"2","cuo_id":"13","loc_id":"1","pjttp_id":"3","pjttp_name":"Comerciales","pjttp_min_download":"2","pjttp_max_download":"3","loc_location":null,"loc_country":null,"loc_type_location":"Local","prd_sku":"010D022","prd_name":"MONITOR SMALL 703 ULTRA BRIGHT","prd_english_name":"","prd_code_provider":null,"prd_name_provider":null,"prd_model":"","prd_price":"3500.00","prd_coin_type":"1","prd_visibility":"1","prd_comments":"","prd_status":"1","prd_level":"P","sbc_id":"4","srv_id":"1","cin_id":"1","prd_lonely":"","prd_insured":"1","doc_id":"0","cus_id":"71","cus_parent":"0","cus_name":"BOOGIE FILMS S. DE R.L. DE C.V.","cus_contact":"BOOGIE FILMS S. DE R.L. DE C.V.","cus_address":"TORIBIO ALCAZAR 72 CASA 4 AMP. MIGUEL HIDALGO 3RA SECCIO 12250 CIUDAD DE MEXICO","cus_email":"","cus_rfc":"BFI1906181U0","cus_phone":"","cus_phone_2":"","cus_internal_code":"B17","cus_qualification":"","cus_prospect":"1","cus_sponsored":"0","cus_legal_representative":"2","cus_legal_act":"2","cus_contract":"1","cut_id":"2","cus_status":"1","ver_date_real":"13-OCT-2021 10:59","period":"01-Oct-2021 - 01-Oct-2021"},{"pjtcn_id":"29","pjtcn_prod_sku":"110B004","pjtcn_prod_name":"NISSAN URVAN 1.5 TONS. TOLDO ALTO","pjtcn_prod_price":"3500.00","pjtcn_quantity":"1","pjtcn_days_base":"1","pjtcn_discount_base":"0.00","pjtcn_days_trip":"0","pjtcn_discount_trip":"0.00","pjtcn_days_test":"0","pjtcn_discount_test":"0.00","pjtcn_insured":"0.00","pjtcn_prod_level":"P","pjtcn_status":"1","ver_id":"25","prd_id":"1633","pjt_id":"5","pjt_number":"P0000005","pjt_name":"PSYCO","pjt_date_project":"2021-10-13 10:59:52","pjt_date_start":"2021-10-01 00:00:00","pjt_date_end":"2021-10-01 00:00:00","pjt_location":"CDMX","pjt_status":"2","cuo_id":"13","loc_id":"1","pjttp_id":"3","pjttp_name":"Comerciales","pjttp_min_download":"2","pjttp_max_download":"3","loc_location":null,"loc_country":null,"loc_type_location":"Local","prd_sku":"110B004","prd_name":"NISSAN URVAN 1.5 TONS. TOLDO ALTO","prd_english_name":"","prd_code_provider":null,"prd_name_provider":null,"prd_model":"","prd_price":"3500.00","prd_coin_type":"1","prd_visibility":"1","prd_comments":"","prd_status":"1","prd_level":"P","sbc_id":"131","srv_id":"1","cin_id":"1","prd_lonely":"","prd_insured":"0","doc_id":"0","cus_id":"71","cus_parent":"0","cus_name":"BOOGIE FILMS S. DE R.L. DE C.V.","cus_contact":"BOOGIE FILMS S. DE R.L. DE C.V.","cus_address":"TORIBIO ALCAZAR 72 CASA 4 AMP. MIGUEL HIDALGO 3RA SECCIO 12250 CIUDAD DE MEXICO","cus_email":"","cus_rfc":"BFI1906181U0","cus_phone":"","cus_phone_2":"","cus_internal_code":"B17","cus_qualification":"","cus_prospect":"1","cus_sponsored":"0","cus_legal_representative":"2","cus_legal_act":"2","cus_contract":"1","cut_id":"2","cus_status":"1","ver_date_real":"13-OCT-2021 10:59","period":"01-Oct-2021 - 01-Oct-2021"},{"pjtcn_id":"30","pjtcn_prod_sku":"010C002","pjtcn_prod_name":"SISTEMA EASYRIG VARIO 5","pjtcn_prod_price":"2800.00","pjtcn_quantity":"1","pjtcn_days_base":"1","pjtcn_discount_base":"60.00","pjtcn_days_trip":"0","pjtcn_discount_trip":"0.00","pjtcn_days_test":"0","pjtcn_discount_test":"0.00","pjtcn_insured":"0.10","pjtcn_prod_level":"P","pjtcn_status":"1","ver_id":"25","prd_id":"28","pjt_id":"5","pjt_number":"P0000005","pjt_name":"PSYCO","pjt_date_project":"2021-10-13 10:59:52","pjt_date_start":"2021-10-01 00:00:00","pjt_date_end":"2021-10-01 00:00:00","pjt_location":"CDMX","pjt_status":"2","cuo_id":"13","loc_id":"1","pjttp_id":"3","pjttp_name":"Comerciales","pjttp_min_download":"2","pjttp_max_download":"3","loc_location":null,"loc_country":null,"loc_type_location":"Local","prd_sku":"010C002","prd_name":"SISTEMA EASYRIG VARIO 5","prd_english_name":"","prd_code_provider":null,"prd_name_provider":null,"prd_model":"","prd_price":"2800.00","prd_coin_type":"1","prd_visibility":"1","prd_comments":"","prd_status":"1","prd_level":"P","sbc_id":"3","srv_id":"1","cin_id":"1","prd_lonely":"","prd_insured":"1","doc_id":"0","cus_id":"71","cus_parent":"0","cus_name":"BOOGIE FILMS S. DE R.L. DE C.V.","cus_contact":"BOOGIE FILMS S. DE R.L. DE C.V.","cus_address":"TORIBIO ALCAZAR 72 CASA 4 AMP. MIGUEL HIDALGO 3RA SECCIO 12250 CIUDAD DE MEXICO","cus_email":"","cus_rfc":"BFI1906181U0","cus_phone":"","cus_phone_2":"","cus_internal_code":"B17","cus_qualification":"","cus_prospect":"1","cus_sponsored":"0","cus_legal_representative":"2","cus_legal_act":"2","cus_contract":"1","cut_id":"2","cus_status":"1","ver_date_real":"13-OCT-2021 10:59","period":"01-Oct-2021 - 01-Oct-2021"},{"pjtcn_id":"31","pjtcn_prod_sku":"010D020","pjtcn_prod_name":"SOPORTE DE MONITOR PARA DIRECTOR","pjtcn_prod_price":"300.00","pjtcn_quantity":"1","pjtcn_days_base":"1","pjtcn_discount_base":"60.00","pjtcn_days_trip":"0","pjtcn_discount_trip":"0.00","pjtcn_days_test":"0","pjtcn_discount_test":"0.00","pjtcn_insured":"0.10","pjtcn_prod_level":"P","pjtcn_status":"1","ver_id":"25","prd_id":"63","pjt_id":"5","pjt_number":"P0000005","pjt_name":"PSYCO","pjt_date_project":"2021-10-13 10:59:52","pjt_date_start":"2021-10-01 00:00:00","pjt_date_end":"2021-10-01 00:00:00","pjt_location":"CDMX","pjt_status":"2","cuo_id":"13","loc_id":"1","pjttp_id":"3","pjttp_name":"Comerciales","pjttp_min_download":"2","pjttp_max_download":"3","loc_location":null,"loc_country":null,"loc_type_location":"Local","prd_sku":"010D020","prd_name":"SOPORTE DE MONITOR PARA DIRECTOR","prd_english_name":"","prd_code_provider":null,"prd_name_provider":null,"prd_model":"","prd_price":"300.00","prd_coin_type":"1","prd_visibility":"1","prd_comments":"","prd_status":"1","prd_level":"P","sbc_id":"4","srv_id":"1","cin_id":"1","prd_lonely":"","prd_insured":"1","doc_id":"0","cus_id":"71","cus_parent":"0","cus_name":"BOOGIE FILMS S. DE R.L. DE C.V.","cus_contact":"BOOGIE FILMS S. DE R.L. DE C.V.","cus_address":"TORIBIO ALCAZAR 72 CASA 4 AMP. MIGUEL HIDALGO 3RA SECCIO 12250 CIUDAD DE MEXICO","cus_email":"","cus_rfc":"BFI1906181U0","cus_phone":"","cus_phone_2":"","cus_internal_code":"B17","cus_qualification":"","cus_prospect":"1","cus_sponsored":"0","cus_legal_representative":"2","cus_legal_act":"2","cus_contract":"1","cut_id":"2","cus_status":"1","ver_date_real":"13-OCT-2021 10:59","period":"01-Oct-2021 - 01-Oct-2021"},{"pjtcn_id":"32","pjtcn_prod_sku":"010L014","pjtcn_prod_name":"TARJETA 3600X CFAST 2.0 256 GB","pjtcn_prod_price":"1600.00","pjtcn_quantity":"3","pjtcn_days_base":"1","pjtcn_discount_base":"60.00","pjtcn_days_trip":"0","pjtcn_discount_trip":"0.00","pjtcn_days_test":"0","pjtcn_discount_test":"0.00","pjtcn_insured":"0.10","pjtcn_prod_level":"P","pjtcn_status":"1","ver_id":"25","prd_id":"190","pjt_id":"5","pjt_number":"P0000005","pjt_name":"PSYCO","pjt_date_project":"2021-10-13 10:59:52","pjt_date_start":"2021-10-01 00:00:00","pjt_date_end":"2021-10-01 00:00:00","pjt_location":"CDMX","pjt_status":"2","cuo_id":"13","loc_id":"1","pjttp_id":"3","pjttp_name":"Comerciales","pjttp_min_download":"2","pjttp_max_download":"3","loc_location":null,"loc_country":null,"loc_type_location":"Local","prd_sku":"010L014","prd_name":"TARJETA 3600X CFAST 2.0 256 GB","prd_english_name":"","prd_code_provider":null,"prd_name_provider":null,"prd_model":"","prd_price":"1600.00","prd_coin_type":"1","prd_visibility":"1","prd_comments":"","prd_status":"1","prd_level":"P","sbc_id":"12","srv_id":"1","cin_id":"1","prd_lonely":"","prd_insured":"1","doc_id":"0","cus_id":"71","cus_parent":"0","cus_name":"BOOGIE FILMS S. DE R.L. DE C.V.","cus_contact":"BOOGIE FILMS S. DE R.L. DE C.V.","cus_address":"TORIBIO ALCAZAR 72 CASA 4 AMP. MIGUEL HIDALGO 3RA SECCIO 12250 CIUDAD DE MEXICO","cus_email":"","cus_rfc":"BFI1906181U0","cus_phone":"","cus_phone_2":"","cus_internal_code":"B17","cus_qualification":"","cus_prospect":"1","cus_sponsored":"0","cus_legal_representative":"2","cus_legal_act":"2","cus_contract":"1","cut_id":"2","cus_status":"1","ver_date_real":"13-OCT-2021 10:59","period":"01-Oct-2021 - 01-Oct-2021"},{"pjtcn_id":"33","pjtcn_prod_sku":"110A005","pjtcn_prod_name":"VANLED LIGHT","pjtcn_prod_price":"14000.00","pjtcn_quantity":"1","pjtcn_days_base":"1","pjtcn_discount_base":"60.00","pjtcn_days_trip":"0","pjtcn_discount_trip":"0.00","pjtcn_days_test":"0","pjtcn_discount_test":"0.00","pjtcn_insured":"0.10","pjtcn_prod_level":"P","pjtcn_status":"1","ver_id":"25","prd_id":"1629","pjt_id":"5","pjt_number":"P0000005","pjt_name":"PSYCO","pjt_date_project":"2021-10-13 10:59:52","pjt_date_start":"2021-10-01 00:00:00","pjt_date_end":"2021-10-01 00:00:00","pjt_location":"CDMX","pjt_status":"2","cuo_id":"13","loc_id":"1","pjttp_id":"3","pjttp_name":"Comerciales","pjttp_min_download":"2","pjttp_max_download":"3","loc_location":null,"loc_country":null,"loc_type_location":"Local","prd_sku":"110A005","prd_name":"VANLED LIGHT","prd_english_name":"","prd_code_provider":null,"prd_name_provider":null,"prd_model":"","prd_price":"14000.00","prd_coin_type":"1","prd_visibility":"1","prd_comments":"","prd_status":"1","prd_level":"P","sbc_id":"130","srv_id":"1","cin_id":"1","prd_lonely":"","prd_insured":"0","doc_id":"0","cus_id":"71","cus_parent":"0","cus_name":"BOOGIE FILMS S. DE R.L. DE C.V.","cus_contact":"BOOGIE FILMS S. DE R.L. DE C.V.","cus_address":"TORIBIO ALCAZAR 72 CASA 4 AMP. MIGUEL HIDALGO 3RA SECCIO 12250 CIUDAD DE MEXICO","cus_email":"","cus_rfc":"BFI1906181U0","cus_phone":"","cus_phone_2":"","cus_internal_code":"B17","cus_qualification":"","cus_prospect":"1","cus_sponsored":"0","cus_legal_representative":"2","cus_legal_act":"2","cus_contract":"1","cut_id":"2","cus_status":"1","ver_date_real":"13-OCT-2021 10:59","period":"01-Oct-2021 - 01-Oct-2021"},{"pjtcn_id":"35","pjtcn_prod_sku":"110A002","pjtcn_prod_name":"MOVIL","pjtcn_prod_price":"15000.00","pjtcn_quantity":"1","pjtcn_days_base":"1","pjtcn_discount_base":"0.00","pjtcn_days_trip":"0","pjtcn_discount_trip":"0.00","pjtcn_days_test":"0","pjtcn_discount_test":"0.00","pjtcn_insured":"0.00","pjtcn_prod_level":"P","pjtcn_status":"1","ver_id":"0","prd_id":"1626","pjt_id":"5","pjt_number":"P0000005","pjt_name":"PSYCO","pjt_date_project":"2021-10-13 10:59:52","pjt_date_start":"2021-10-01 00:00:00","pjt_date_end":"2021-10-01 00:00:00","pjt_location":"CDMX","pjt_status":"2","cuo_id":"13","loc_id":"1","pjttp_id":"3","pjttp_name":"Comerciales","pjttp_min_download":"2","pjttp_max_download":"3","loc_location":null,"loc_country":null,"loc_type_location":"Local","prd_sku":"110A002","prd_name":"MOVIL","prd_english_name":"","prd_code_provider":null,"prd_name_provider":null,"prd_model":"","prd_price":"15000.00","prd_coin_type":"1","prd_visibility":"1","prd_comments":"","prd_status":"1","prd_level":"P","sbc_id":"130","srv_id":"1","cin_id":"1","prd_lonely":"","prd_insured":"0","doc_id":"0","cus_id":"71","cus_parent":"0","cus_name":"BOOGIE FILMS S. DE R.L. DE C.V.","cus_contact":"BOOGIE FILMS S. DE R.L. DE C.V.","cus_address":"TORIBIO ALCAZAR 72 CASA 4 AMP. MIGUEL HIDALGO 3RA SECCIO 12250 CIUDAD DE MEXICO","cus_email":"","cus_rfc":"BFI1906181U0","cus_phone":"","cus_phone_2":"","cus_internal_code":"B17","cus_qualification":"","cus_prospect":"1","cus_sponsored":"0","cus_legal_representative":"2","cus_legal_act":"2","cus_contract":"1","cut_id":"2","cus_status":"1","ver_date_real":"13-OCT-2021 10:59","period":"01-Oct-2021 - 01-Oct-2021"},{"pjtcn_id":"36","pjtcn_prod_sku":"150B003","pjtcn_prod_name":"SEGURO DE CAMION  PLANTA Y MOVIL","pjtcn_prod_price":"1000.00","pjtcn_quantity":"2","pjtcn_days_base":"1","pjtcn_discount_base":"10.00","pjtcn_days_trip":"0","pjtcn_discount_trip":"0.00","pjtcn_days_test":"0","pjtcn_discount_test":"0.00","pjtcn_insured":"0.00","pjtcn_prod_level":"S","pjtcn_status":"1","ver_id":"0","prd_id":"1879","pjt_id":"5","pjt_number":"P0000005","pjt_name":"PSYCO","pjt_date_project":"2021-10-13 10:59:52","pjt_date_start":"2021-10-01 00:00:00","pjt_date_end":"2021-10-01 00:00:00","pjt_location":"CDMX","pjt_status":"2","cuo_id":"13","loc_id":"1","pjttp_id":"3","pjttp_name":"Comerciales","pjttp_min_download":"2","pjttp_max_download":"3","loc_location":null,"loc_country":null,"loc_type_location":"Local","prd_sku":"150B003","prd_name":"SEGURO DE CAMION  PLANTA Y MOVIL","prd_english_name":"","prd_code_provider":null,"prd_name_provider":null,"prd_model":"","prd_price":"1000.00","prd_coin_type":"1","prd_visibility":"1","prd_comments":"","prd_status":"1","prd_level":"S","sbc_id":"151","srv_id":"3","cin_id":"1","prd_lonely":"","prd_insured":"0","doc_id":"0","cus_id":"71","cus_parent":"0","cus_name":"BOOGIE FILMS S. DE R.L. DE C.V.","cus_contact":"BOOGIE FILMS S. DE R.L. DE C.V.","cus_address":"TORIBIO ALCAZAR 72 CASA 4 AMP. MIGUEL HIDALGO 3RA SECCIO 12250 CIUDAD DE MEXICO","cus_email":"","cus_rfc":"BFI1906181U0","cus_phone":"","cus_phone_2":"","cus_internal_code":"B17","cus_qualification":"","cus_prospect":"1","cus_sponsored":"0","cus_legal_representative":"2","cus_legal_act":"2","cus_contract":"1","cut_id":"2","cus_status":"1","ver_date_real":"13-OCT-2021 10:59","period":"01-Oct-2021 - 01-Oct-2021"},{"pjtcn_id":"37","pjtcn_prod_sku":"150B001","pjtcn_prod_name":"SEGURO DE CAMION PLANTA GENERADORA","pjtcn_prod_price":"500.00","pjtcn_quantity":"3","pjtcn_days_base":"1","pjtcn_discount_base":"0.00","pjtcn_days_trip":"0","pjtcn_discount_trip":"0.00","pjtcn_days_test":"0","pjtcn_discount_test":"0.00","pjtcn_insured":"0.00","pjtcn_prod_level":"S","pjtcn_status":"1","ver_id":"0","prd_id":"1877","pjt_id":"5","pjt_number":"P0000005","pjt_name":"PSYCO","pjt_date_project":"2021-10-13 10:59:52","pjt_date_start":"2021-10-01 00:00:00","pjt_date_end":"2021-10-01 00:00:00","pjt_location":"CDMX","pjt_status":"2","cuo_id":"13","loc_id":"1","pjttp_id":"3","pjttp_name":"Comerciales","pjttp_min_download":"2","pjttp_max_download":"3","loc_location":null,"loc_country":null,"loc_type_location":"Local","prd_sku":"150B001","prd_name":"SEGURO DE CAMION PLANTA GENERADORA","prd_english_name":"","prd_code_provider":null,"prd_name_provider":null,"prd_model":"","prd_price":"500.00","prd_coin_type":"1","prd_visibility":"1","prd_comments":"","prd_status":"1","prd_level":"S","sbc_id":"151","srv_id":"3","cin_id":"1","prd_lonely":"","prd_insured":"0","doc_id":"0","cus_id":"71","cus_parent":"0","cus_name":"BOOGIE FILMS S. DE R.L. DE C.V.","cus_contact":"BOOGIE FILMS S. DE R.L. DE C.V.","cus_address":"TORIBIO ALCAZAR 72 CASA 4 AMP. MIGUEL HIDALGO 3RA SECCIO 12250 CIUDAD DE MEXICO","cus_email":"","cus_rfc":"BFI1906181U0","cus_phone":"","cus_phone_2":"","cus_internal_code":"B17","cus_qualification":"","cus_prospect":"1","cus_sponsored":"0","cus_legal_representative":"2","cus_legal_act":"2","cus_contract":"1","cut_id":"2","cus_status":"1","ver_date_real":"13-OCT-2021 10:59","period":"01-Oct-2021 - 01-Oct-2021"},{"pjtcn_id":"38","pjtcn_prod_sku":"130C009","pjtcn_prod_name":"MARCO VACIO 12 X 12'","pjtcn_prod_price":"200.00","pjtcn_quantity":"10","pjtcn_days_base":"1","pjtcn_discount_base":"0.00","pjtcn_days_trip":"0","pjtcn_discount_trip":"0.00","pjtcn_days_test":"0","pjtcn_discount_test":"0.00","pjtcn_insured":"0.00","pjtcn_prod_level":"P","pjtcn_status":"1","ver_id":"0","prd_id":"1760","pjt_id":"5","pjt_number":"P0000005","pjt_name":"PSYCO","pjt_date_project":"2021-10-13 10:59:52","pjt_date_start":"2021-10-01 00:00:00","pjt_date_end":"2021-10-01 00:00:00","pjt_location":"CDMX","pjt_status":"2","cuo_id":"13","loc_id":"1","pjttp_id":"3","pjttp_name":"Comerciales","pjttp_min_download":"2","pjttp_max_download":"3","loc_location":null,"loc_country":null,"loc_type_location":"Local","prd_sku":"130C009","prd_name":"MARCO VACIO 12 X 12'","prd_english_name":"","prd_code_provider":null,"prd_name_provider":null,"prd_model":"","prd_price":"200.00","prd_coin_type":"1","prd_visibility":"1","prd_comments":"","prd_status":"1","prd_level":"P","sbc_id":"136","srv_id":"1","cin_id":"1","prd_lonely":"","prd_insured":"0","doc_id":"0","cus_id":"71","cus_parent":"0","cus_name":"BOOGIE FILMS S. DE R.L. DE C.V.","cus_contact":"BOOGIE FILMS S. DE R.L. DE C.V.","cus_address":"TORIBIO ALCAZAR 72 CASA 4 AMP. MIGUEL HIDALGO 3RA SECCIO 12250 CIUDAD DE MEXICO","cus_email":"","cus_rfc":"BFI1906181U0","cus_phone":"","cus_phone_2":"","cus_internal_code":"B17","cus_qualification":"","cus_prospect":"1","cus_sponsored":"0","cus_legal_representative":"2","cus_legal_act":"2","cus_contract":"1","cut_id":"2","cus_status":"1","ver_date_real":"13-OCT-2021 10:59","period":"01-Oct-2021 - 01-Oct-2021"}]