[{"pjtcn_id":"1","pjtcn_prod_sku":"010R011","pjtcn_prod_name":"ADAPTADOR DE PLACA PARA SONY PMW F5\/F55","pjtcn_prod_price":"500.00","pjtcn_quantity":"1","pjtcn_days_base":"8","pjtcn_discount_base":"0.00","pjtcn_days_trip":"0","pjtcn_discount_trip":"0.00","pjtcn_days_test":"0","pjtcn_discount_test":"0.00","pjtcn_insured":"0.10","pjtcn_prod_level":"P","pjtcn_status":"1","ver_id":"1","prd_id":"241","pjt_id":"1","pjt_number":"P0000001","pjt_name":"LLUVIA EN INVIERNO","pjt_date_project":"2022-02-14 19:37:22","pjt_date_start":"2022-02-21 00:00:00","pjt_date_end":"2022-02-28 00:00:00","pjt_location":"COYOACAN","pjt_status":"2","cuo_id":"22","loc_id":"1","pjttp_id":"4","pjttp_name":"Cortometrajes","pjttp_min_download":"3","pjttp_max_download":"6","loc_type_location":"Local","prd_sku":"010R011","prd_name":"ADAPTADOR DE PLACA PARA SONY PMW F5\/F55","prd_english_name":"","prd_code_provider":null,"prd_name_provider":null,"prd_model":"","prd_price":"500.00","prd_coin_type":"1","prd_visibility":"1","prd_comments":"","prd_status":"1","prd_level":"P","sbc_id":"18","srv_id":"1","cin_id":"1","prd_lonely":"","prd_insured":"1","doc_id":"0","cus_id":"200","cus_parent":"10","cus_name":"G1 PRODUCCIONES, S. DE R.L. DE C.V.","cus_contact":"G1 PRODUCCIONES, S. DE R.L. DE C.V.","cus_address":"PORFIRIO DIAZ 39 COL. NOCHEBUENA DEL BENITO JUAREZ 03720 CDMX, MEXICO","cus_email":"","cus_rfc":"GPR120809MI2","cus_phone":"","cus_phone_2":"","cus_internal_code":"G66","cus_qualification":"","cus_prospect":"1","cus_sponsored":"0","cus_legal_representative":"2","cus_legal_act":"2","cus_contract":"1","cut_id":"2","cus_status":"1","ver_date_real":"14-FEB-2022 19:37","period":"21-Feb-2022 - 28-Feb-2022"},{"pjtcn_id":"2","pjtcn_prod_sku":"020A016","pjtcn_prod_name":"SONY PMW F-3","pjtcn_prod_price":"8000.00","pjtcn_quantity":"1","pjtcn_days_base":"8","pjtcn_discount_base":"0.00","pjtcn_days_trip":"0","pjtcn_discount_trip":"0.00","pjtcn_days_test":"0","pjtcn_discount_test":"0.00","pjtcn_insured":"0.10","pjtcn_prod_level":"P","pjtcn_status":"1","ver_id":"1","prd_id":"278","pjt_id":"1","pjt_number":"P0000001","pjt_name":"LLUVIA EN INVIERNO","pjt_date_project":"2022-02-14 19:37:22","pjt_date_start":"2022-02-21 00:00:00","pjt_date_end":"2022-02-28 00:00:00","pjt_location":"COYOACAN","pjt_status":"2","cuo_id":"22","loc_id":"1","pjttp_id":"4","pjttp_name":"Cortometrajes","pjttp_min_download":"3","pjttp_max_download":"6","loc_type_location":"Local","prd_sku":"020A016","prd_name":"SONY PMW F-3","prd_english_name":"","prd_code_provider":null,"prd_name_provider":null,"prd_model":"","prd_price":"8000.00","prd_coin_type":"1","prd_visibility":"1","prd_comments":"","prd_status":"1","prd_level":"P","sbc_id":"19","srv_id":"1","cin_id":"1","prd_lonely":"","prd_insured":"1","doc_id":"0","cus_id":"200","cus_parent":"10","cus_name":"G1 PRODUCCIONES, S. DE R.L. DE C.V.","cus_contact":"G1 PRODUCCIONES, S. DE R.L. DE C.V.","cus_address":"PORFIRIO DIAZ 39 COL. NOCHEBUENA DEL BENITO JUAREZ 03720 CDMX, MEXICO","cus_email":"","cus_rfc":"GPR120809MI2","cus_phone":"","cus_phone_2":"","cus_internal_code":"G66","cus_qualification":"","cus_prospect":"1","cus_sponsored":"0","cus_legal_representative":"2","cus_legal_act":"2","cus_contract":"1","cut_id":"2","cus_status":"1","ver_date_real":"14-FEB-2022 19:37","period":"21-Feb-2022 - 28-Feb-2022"},{"pjtcn_id":"3","pjtcn_prod_sku":"010M001","pjtcn_prod_name":"LECTOR DE TARJETAS SONY SBAC-US10","pjtcn_prod_price":"2200.00","pjtcn_quantity":"1","pjtcn_days_base":"8","pjtcn_discount_base":"0.00","pjtcn_days_trip":"0","pjtcn_discount_trip":"0.00","pjtcn_days_test":"0","pjtcn_discount_test":"0.00","pjtcn_insured":"0.10","pjtcn_prod_level":"P","pjtcn_status":"1","ver_id":"1","prd_id":"203","pjt_id":"1","pjt_number":"P0000001","pjt_name":"LLUVIA EN INVIERNO","pjt_date_project":"2022-02-14 19:37:22","pjt_date_start":"2022-02-21 00:00:00","pjt_date_end":"2022-02-28 00:00:00","pjt_location":"COYOACAN","pjt_status":"2","cuo_id":"22","loc_id":"1","pjttp_id":"4","pjttp_name":"Cortometrajes","pjttp_min_download":"3","pjttp_max_download":"6","loc_type_location":"Local","prd_sku":"010M001","prd_name":"LECTOR DE TARJETAS SONY SBAC-US10","prd_english_name":"","prd_code_provider":null,"prd_name_provider":null,"prd_model":"","prd_price":"2200.00","prd_coin_type":"1","prd_visibility":"1","prd_comments":"","prd_status":"1","prd_level":"P","sbc_id":"13","srv_id":"1","cin_id":"1","prd_lonely":"","prd_insured":"1","doc_id":"0","cus_id":"200","cus_parent":"10","cus_name":"G1 PRODUCCIONES, S. DE R.L. DE C.V.","cus_contact":"G1 PRODUCCIONES, S. DE R.L. DE C.V.","cus_address":"PORFIRIO DIAZ 39 COL. NOCHEBUENA DEL BENITO JUAREZ 03720 CDMX, MEXICO","cus_email":"","cus_rfc":"GPR120809MI2","cus_phone":"","cus_phone_2":"","cus_internal_code":"G66","cus_qualification":"","cus_prospect":"1","cus_sponsored":"0","cus_legal_representative":"2","cus_legal_act":"2","cus_contract":"1","cut_id":"2","cus_status":"1","ver_date_real":"14-FEB-2022 19:37","period":"21-Feb-2022 - 28-Feb-2022"},{"pjtcn_id":"4","pjtcn_prod_sku":"010K008","pjtcn_prod_name":"BATERIA BPU60 ( F3 Y EX3)","pjtcn_prod_price":"500.00","pjtcn_quantity":"1","pjtcn_days_base":"8","pjtcn_discount_base":"0.00","pjtcn_days_trip":"0","pjtcn_discount_trip":"0.00","pjtcn_days_test":"0","pjtcn_discount_test":"0.00","pjtcn_insured":"0.10","pjtcn_prod_level":"P","pjtcn_status":"1","ver_id":"0","prd_id":"157","pjt_id":"1","pjt_number":"P0000001","pjt_name":"LLUVIA EN INVIERNO","pjt_date_project":"2022-02-14 19:37:22","pjt_date_start":"2022-02-21 00:00:00","pjt_date_end":"2022-02-28 00:00:00","pjt_location":"COYOACAN","pjt_status":"2","cuo_id":"22","loc_id":"1","pjttp_id":"4","pjttp_name":"Cortometrajes","pjttp_min_download":"3","pjttp_max_download":"6","loc_type_location":"Local","prd_sku":"010K008","prd_name":"BATERIA BPU60 ( F3 Y EX3)","prd_english_name":"","prd_code_provider":null,"prd_name_provider":null,"prd_model":"","prd_price":"500.00","prd_coin_type":"1","prd_visibility":"1","prd_comments":"","prd_status":"1","prd_level":"P","sbc_id":"11","srv_id":"1","cin_id":"1","prd_lonely":"","prd_insured":"1","doc_id":"0","cus_id":"200","cus_parent":"10","cus_name":"G1 PRODUCCIONES, S. DE R.L. DE C.V.","cus_contact":"G1 PRODUCCIONES, S. DE R.L. DE C.V.","cus_address":"PORFIRIO DIAZ 39 COL. NOCHEBUENA DEL BENITO JUAREZ 03720 CDMX, MEXICO","cus_email":"","cus_rfc":"GPR120809MI2","cus_phone":"","cus_phone_2":"","cus_internal_code":"G66","cus_qualification":"","cus_prospect":"1","cus_sponsored":"0","cus_legal_representative":"2","cus_legal_act":"2","cus_contract":"1","cut_id":"2","cus_status":"1","ver_date_real":"14-FEB-2022 19:37","period":"21-Feb-2022 - 28-Feb-2022"},{"pjtcn_id":"5","pjtcn_prod_sku":"100R001","pjtcn_prod_name":"(18, 25, 35, 50, 85 mm)  T1.3  PL  ZEISS HIGH SPEED  35MM","pjtcn_prod_price":"3200.00","pjtcn_quantity":"1","pjtcn_days_base":"8","pjtcn_discount_base":"0.00","pjtcn_days_trip":"0","pjtcn_discount_trip":"0.00","pjtcn_days_test":"0","pjtcn_discount_test":"0.00","pjtcn_insured":"0.10","pjtcn_prod_level":"K","pjtcn_status":"1","ver_id":"0","prd_id":"7762","pjt_id":"1","pjt_number":"P0000001","pjt_name":"LLUVIA EN INVIERNO","pjt_date_project":"2022-02-14 19:37:22","pjt_date_start":"2022-02-21 00:00:00","pjt_date_end":"2022-02-28 00:00:00","pjt_location":"COYOACAN","pjt_status":"2","cuo_id":"22","loc_id":"1","pjttp_id":"4","pjttp_name":"Cortometrajes","pjttp_min_download":"3","pjttp_max_download":"6","loc_type_location":"Local","prd_sku":"100R001","prd_name":"(18, 25, 35, 50, 85 mm)  T1.3  PL  ZEISS HIGH SPEED  35MM","prd_english_name":"","prd_code_provider":null,"prd_name_provider":null,"prd_model":"","prd_price":"3200.00","prd_coin_type":"","prd_visibility":"1","prd_comments":"2","prd_status":"1","prd_level":"K","sbc_id":"117","srv_id":"1","cin_id":"1","prd_lonely":"","prd_insured":"1","doc_id":"0","cus_id":"200","cus_parent":"10","cus_name":"G1 PRODUCCIONES, S. DE R.L. DE C.V.","cus_contact":"G1 PRODUCCIONES, S. DE R.L. DE C.V.","cus_address":"PORFIRIO DIAZ 39 COL. NOCHEBUENA DEL BENITO JUAREZ 03720 CDMX, MEXICO","cus_email":"","cus_rfc":"GPR120809MI2","cus_phone":"","cus_phone_2":"","cus_internal_code":"G66","cus_qualification":"","cus_prospect":"1","cus_sponsored":"0","cus_legal_representative":"2","cus_legal_act":"2","cus_contract":"1","cut_id":"2","cus_status":"1","ver_date_real":"14-FEB-2022 19:37","period":"21-Feb-2022 - 28-Feb-2022"},{"pjtcn_id":"6","pjtcn_prod_sku":"010G009","pjtcn_prod_name":"FOLLOW FOCUS  2 VELOCIDADES (FF-5)","pjtcn_prod_price":"800.00","pjtcn_quantity":"1","pjtcn_days_base":"8","pjtcn_discount_base":"0.00","pjtcn_days_trip":"0","pjtcn_discount_trip":"0.00","pjtcn_days_test":"0","pjtcn_discount_test":"0.00","pjtcn_insured":"0.10","pjtcn_prod_level":"P","pjtcn_status":"1","ver_id":"0","prd_id":"131","pjt_id":"1","pjt_number":"P0000001","pjt_name":"LLUVIA EN INVIERNO","pjt_date_project":"2022-02-14 19:37:22","pjt_date_start":"2022-02-21 00:00:00","pjt_date_end":"2022-02-28 00:00:00","pjt_location":"COYOACAN","pjt_status":"2","cuo_id":"22","loc_id":"1","pjttp_id":"4","pjttp_name":"Cortometrajes","pjttp_min_download":"3","pjttp_max_download":"6","loc_type_location":"Local","prd_sku":"010G009","prd_name":"FOLLOW FOCUS  2 VELOCIDADES (FF-5)","prd_english_name":"","prd_code_provider":null,"prd_name_provider":null,"prd_model":"","prd_price":"800.00","prd_coin_type":"1","prd_visibility":"1","prd_comments":"","prd_status":"1","prd_level":"P","sbc_id":"7","srv_id":"1","cin_id":"1","prd_lonely":"","prd_insured":"1","doc_id":"0","cus_id":"200","cus_parent":"10","cus_name":"G1 PRODUCCIONES, S. DE R.L. DE C.V.","cus_contact":"G1 PRODUCCIONES, S. DE R.L. DE C.V.","cus_address":"PORFIRIO DIAZ 39 COL. NOCHEBUENA DEL BENITO JUAREZ 03720 CDMX, MEXICO","cus_email":"","cus_rfc":"GPR120809MI2","cus_phone":"","cus_phone_2":"","cus_internal_code":"G66","cus_qualification":"","cus_prospect":"1","cus_sponsored":"0","cus_legal_representative":"2","cus_legal_act":"2","cus_contract":"1","cut_id":"2","cus_status":"1","ver_date_real":"14-FEB-2022 19:37","period":"21-Feb-2022 - 28-Feb-2022"},{"pjtcn_id":"7","pjtcn_prod_sku":"010G007","pjtcn_prod_name":"FOLLOW FOCUS 2 VELOCIDADES (FF-3)","pjtcn_prod_price":"700.00","pjtcn_quantity":"1","pjtcn_days_base":"8","pjtcn_discount_base":"0.00","pjtcn_days_trip":"0","pjtcn_discount_trip":"0.00","pjtcn_days_test":"0","pjtcn_discount_test":"0.00","pjtcn_insured":"0.10","pjtcn_prod_level":"P","pjtcn_status":"1","ver_id":"0","prd_id":"129","pjt_id":"1","pjt_number":"P0000001","pjt_name":"LLUVIA EN INVIERNO","pjt_date_project":"2022-02-14 19:37:22","pjt_date_start":"2022-02-21 00:00:00","pjt_date_end":"2022-02-28 00:00:00","pjt_location":"COYOACAN","pjt_status":"2","cuo_id":"22","loc_id":"1","pjttp_id":"4","pjttp_name":"Cortometrajes","pjttp_min_download":"3","pjttp_max_download":"6","loc_type_location":"Local","prd_sku":"010G007","prd_name":"FOLLOW FOCUS 2 VELOCIDADES (FF-3)","prd_english_name":"","prd_code_provider":null,"prd_name_provider":null,"prd_model":"","prd_price":"700.00","prd_coin_type":"1","prd_visibility":"1","prd_comments":"","prd_status":"1","prd_level":"P","sbc_id":"7","srv_id":"1","cin_id":"1","prd_lonely":"","prd_insured":"1","doc_id":"0","cus_id":"200","cus_parent":"10","cus_name":"G1 PRODUCCIONES, S. DE R.L. DE C.V.","cus_contact":"G1 PRODUCCIONES, S. DE R.L. DE C.V.","cus_address":"PORFIRIO DIAZ 39 COL. NOCHEBUENA DEL BENITO JUAREZ 03720 CDMX, MEXICO","cus_email":"","cus_rfc":"GPR120809MI2","cus_phone":"","cus_phone_2":"","cus_internal_code":"G66","cus_qualification":"","cus_prospect":"1","cus_sponsored":"0","cus_legal_representative":"2","cus_legal_act":"2","cus_contract":"1","cut_id":"2","cus_status":"1","ver_date_real":"14-FEB-2022 19:37","period":"21-Feb-2022 - 28-Feb-2022"},{"pjtcn_id":"8","pjtcn_prod_sku":"080H018","pjtcn_prod_name":"CHIMERA CHINA PARA 1K TUNGSTENO","pjtcn_prod_price":"1200.00","pjtcn_quantity":"1","pjtcn_days_base":"8","pjtcn_discount_base":"0.00","pjtcn_days_trip":"0","pjtcn_discount_trip":"0.00","pjtcn_days_test":"0","pjtcn_discount_test":"0.00","pjtcn_insured":"0.10","pjtcn_prod_level":"P","pjtcn_status":"1","ver_id":"0","prd_id":"1097","pjt_id":"1","pjt_number":"P0000001","pjt_name":"LLUVIA EN INVIERNO","pjt_date_project":"2022-02-14 19:37:22","pjt_date_start":"2022-02-21 00:00:00","pjt_date_end":"2022-02-28 00:00:00","pjt_location":"COYOACAN","pjt_status":"2","cuo_id":"22","loc_id":"1","pjttp_id":"4","pjttp_name":"Cortometrajes","pjttp_min_download":"3","pjttp_max_download":"6","loc_type_location":"Local","prd_sku":"080H018","prd_name":"CHIMERA CHINA PARA 1K TUNGSTENO","prd_english_name":"","prd_code_provider":null,"prd_name_provider":null,"prd_model":"","prd_price":"1200.00","prd_coin_type":"1","prd_visibility":"1","prd_comments":"","prd_status":"1","prd_level":"P","sbc_id":"75","srv_id":"1","cin_id":"1","prd_lonely":"","prd_insured":"1","doc_id":"0","cus_id":"200","cus_parent":"10","cus_name":"G1 PRODUCCIONES, S. DE R.L. DE C.V.","cus_contact":"G1 PRODUCCIONES, S. DE R.L. DE C.V.","cus_address":"PORFIRIO DIAZ 39 COL. NOCHEBUENA DEL BENITO JUAREZ 03720 CDMX, MEXICO","cus_email":"","cus_rfc":"GPR120809MI2","cus_phone":"","cus_phone_2":"","cus_internal_code":"G66","cus_qualification":"","cus_prospect":"1","cus_sponsored":"0","cus_legal_representative":"2","cus_legal_act":"2","cus_contract":"1","cut_id":"2","cus_status":"1","ver_date_real":"14-FEB-2022 19:37","period":"21-Feb-2022 - 28-Feb-2022"}]