[{"bdg_id":"22","bdg_prod_sku":"010R016","bdg_prod_name":"ACCESORIOS PARA CAMARA SONY F5\/55","bdg_prod_price":"2.00","bdg_prod_level":"P","bdg_quantity":"1","bdg_days_base":"10","bdg_discount_base":"0.00","bdg_days_trip":"0","bdg_discount_trip":"0.00","bdg_days_test":"0","bdg_discount_test":"0.00","bdg_insured":"0.00","ver_id":"6","prd_id":"234","ver_code":"C0005","ver_date":"2021-09-07 09:14:22","ver_status":"C","pjt_id":"7","pjt_number":"P0000007","pjt_name":"Olimpicos Tokio 2020","pjt_date_project":"2021-07-28 02:57:55","pjt_date_start":"2021-07-29 00:00:00","pjt_date_end":"2021-08-07 00:00:00","pjt_location":"Guadalajara","pjt_status":"1","cuo_id":"1","loc_id":"1","pjttp_id":"3","pjttp_name":"Comerciales","pjttp_min_download":"2","pjttp_max_download":"3","loc_type_location":"Local","prd_sku":"010R004","prd_name":"BRIDGE PLATE 15MM","prd_english_name":"","prd_code_provider":null,"prd_name_provider":null,"prd_model":"","prd_price":"480.00","prd_coin_type":"1","prd_visibility":"1","prd_comments":"","prd_status":"1","prd_level":"P","prd_lonely":"","prd_insured":"1","doc_id":"0","sbc_id":"18","srv_id":"1","cin_id":"1","cus_id":"1","cus_parent":"0","cus_name":"Televisa S.A. de C.V.","cus_contact":"Emilio Ascarraga Milmo","cus_address":"San Angel","cus_email":"emilio@televisa.com","cus_phone":"55 5555 5555","cus_qualification":"AAA","cus_prospect":"1","cus_sponsored":"0","cut_id":"1","cus_status":"1","ver_date_real":"07-SEP-2021 09:14","period":"29-Jul-2021 - 07-Aug-2021"},{"bdg_id":"23","bdg_prod_sku":"010D017","bdg_prod_name":"BRAZO PARA CAMARA NOGA 3\/8","bdg_prod_price":"500.00","bdg_prod_level":"P","bdg_quantity":"1","bdg_days_base":"10","bdg_discount_base":"0.00","bdg_days_trip":"0","bdg_discount_trip":"0.00","bdg_days_test":"0","bdg_discount_test":"0.00","bdg_insured":"0.00","ver_id":"6","prd_id":"58","ver_code":"C0005","ver_date":"2021-09-07 09:14:22","ver_status":"C","pjt_id":"7","pjt_number":"P0000007","pjt_name":"Olimpicos Tokio 2020","pjt_date_project":"2021-07-28 02:57:55","pjt_date_start":"2021-07-29 00:00:00","pjt_date_end":"2021-08-07 00:00:00","pjt_location":"Guadalajara","pjt_status":"1","cuo_id":"1","loc_id":"1","pjttp_id":"3","pjttp_name":"Comerciales","pjttp_min_download":"2","pjttp_max_download":"3","loc_type_location":"Local","prd_sku":"010D015","prd_name":"MONITOR TV LOGIC 7\" LCD-SDI HDMI","prd_english_name":"","prd_code_provider":null,"prd_name_provider":null,"prd_model":"","prd_price":"2000.00","prd_coin_type":"1","prd_visibility":"1","prd_comments":"","prd_status":"1","prd_level":"P","prd_lonely":"","prd_insured":"1","doc_id":"0","sbc_id":"4","srv_id":"1","cin_id":"1","cus_id":"1","cus_parent":"0","cus_name":"Televisa S.A. de C.V.","cus_contact":"Emilio Ascarraga Milmo","cus_address":"San Angel","cus_email":"emilio@televisa.com","cus_phone":"55 5555 5555","cus_qualification":"AAA","cus_prospect":"1","cus_sponsored":"0","cut_id":"1","cus_status":"1","ver_date_real":"07-SEP-2021 09:14","period":"29-Jul-2021 - 07-Aug-2021"},{"bdg_id":"24","bdg_prod_sku":"010A001","bdg_prod_name":"CABEZA ESTABILIZADA SCORPIO","bdg_prod_price":"21.00","bdg_prod_level":"P","bdg_quantity":"1","bdg_days_base":"10","bdg_discount_base":"0.00","bdg_days_trip":"0","bdg_discount_trip":"0.00","bdg_days_test":"0","bdg_discount_test":"0.00","bdg_insured":"0.10","ver_id":"6","prd_id":"1","ver_code":"C0005","ver_date":"2021-09-07 09:14:22","ver_status":"C","pjt_id":"7","pjt_number":"P0000007","pjt_name":"Olimpicos Tokio 2020","pjt_date_project":"2021-07-28 02:57:55","pjt_date_start":"2021-07-29 00:00:00","pjt_date_end":"2021-08-07 00:00:00","pjt_location":"Guadalajara","pjt_status":"1","cuo_id":"1","loc_id":"1","pjttp_id":"3","pjttp_name":"Comerciales","pjttp_min_download":"2","pjttp_max_download":"3","loc_type_location":"Local","prd_sku":"010A001","prd_name":"CABEZA ESTABILIZADA SCORPIO","prd_english_name":"","prd_code_provider":null,"prd_name_provider":null,"prd_model":"","prd_price":"21000.00","prd_coin_type":"1","prd_visibility":"1","prd_comments":"","prd_status":"1","prd_level":"P","prd_lonely":"","prd_insured":"1","doc_id":"0","sbc_id":"1","srv_id":"1","cin_id":"1","cus_id":"1","cus_parent":"0","cus_name":"Televisa S.A. de C.V.","cus_contact":"Emilio Ascarraga Milmo","cus_address":"San Angel","cus_email":"emilio@televisa.com","cus_phone":"55 5555 5555","cus_qualification":"AAA","cus_prospect":"1","cus_sponsored":"0","cut_id":"1","cus_status":"1","ver_date_real":"07-SEP-2021 09:14","period":"29-Jul-2021 - 07-Aug-2021"},{"bdg_id":"25","bdg_prod_sku":"020E028","bdg_prod_name":"PAQUETE ALEXA MINI LF","bdg_prod_price":"40000.00","bdg_prod_level":"K","bdg_quantity":"1","bdg_days_base":"10","bdg_discount_base":"0.00","bdg_days_trip":"0","bdg_discount_trip":"0.00","bdg_days_test":"0","bdg_discount_test":"0.00","bdg_insured":"0.00","ver_id":"6","prd_id":"7743","ver_code":"C0005","ver_date":"2021-09-07 09:14:22","ver_status":"C","pjt_id":"7","pjt_number":"P0000007","pjt_name":"Olimpicos Tokio 2020","pjt_date_project":"2021-07-28 02:57:55","pjt_date_start":"2021-07-29 00:00:00","pjt_date_end":"2021-08-07 00:00:00","pjt_location":"Guadalajara","pjt_status":"1","cuo_id":"1","loc_id":"1","pjttp_id":"3","pjttp_name":"Comerciales","pjttp_min_download":"2","pjttp_max_download":"3","loc_type_location":"Local","prd_sku":"020E028","prd_name":"PAQUETE ALEXA MINI LF","prd_english_name":"","prd_code_provider":null,"prd_name_provider":null,"prd_model":"","prd_price":"40000.00","prd_coin_type":"","prd_visibility":"1","prd_comments":"3","prd_status":"1","prd_level":"K","prd_lonely":"","prd_insured":"0","doc_id":"0","sbc_id":"23","srv_id":"1","cin_id":"1","cus_id":"1","cus_parent":"0","cus_name":"Televisa S.A. de C.V.","cus_contact":"Emilio Ascarraga Milmo","cus_address":"San Angel","cus_email":"emilio@televisa.com","cus_phone":"55 5555 5555","cus_qualification":"AAA","cus_prospect":"1","cus_sponsored":"0","cut_id":"1","cus_status":"1","ver_date_real":"07-SEP-2021 09:14","period":"29-Jul-2021 - 07-Aug-2021"}]