[{"bdg_id":"33","bdg_prod_sku":"010R016","bdg_prod_name":"ACCESORIOS PARA CAMARA SONY F5\/55","bdg_prod_price":"2.00","bdg_prod_level":"P","bdg_quantity":"1","bdg_days_base":"10","bdg_discount_base":"0.00","bdg_days_trip":"4","bdg_discount_trip":"0.00","bdg_days_test":"5","bdg_discount_test":"0.00","bdg_insured":"0.00","ver_id":"11","prd_id":"234","ver_code":"C0008","ver_date":"2021-10-08 15:57:24","ver_status":"C","pjt_id":"7","pjt_number":"P0000007","pjt_name":"Olimpicos Tokio 2020","pjt_date_project":"2021-07-28 02:57:55","pjt_date_start":"2021-07-29 00:00:00","pjt_date_end":"2021-08-07 00:00:00","pjt_location":"Guadalajara","pjt_status":"1","cuo_id":"1","loc_id":"1","pjttp_id":"3","pjttp_name":"Comerciales","pjttp_min_download":"2","pjttp_max_download":"3","loc_type_location":"Local","prd_sku":"010R004","prd_name":"BRIDGE PLATE 15MM","prd_english_name":"","prd_code_provider":null,"prd_name_provider":null,"prd_model":"","prd_price":"480.00","prd_coin_type":"1","prd_visibility":"1","prd_comments":"","prd_status":"1","prd_level":"P","prd_lonely":"","prd_insured":"1","doc_id":"0","sbc_id":"18","srv_id":"1","cin_id":"1","cus_id":"1","cus_parent":"0","cus_name":"(TV RADI MEXICO) ISMAEL RAMIRE DUARTE","cus_contact":"(TV RADI MEXICO) ISMAEL RAMIRE DUARTE","cus_address":"VENUS 14 COL. EL MIRADOR DEL. 09800 MEXICO, D.F.","cus_email":"","cus_rfc":"RADI560726TCA","cus_phone":"56568769","cus_phone_2":"","cus_internal_code":"T64","cus_qualification":"","cus_prospect":"1","cus_sponsored":"0","cus_legal_representative":"2","cus_legal_act":"2","cus_contract":"1","cut_id":"2","cus_status":"1","ver_date_real":"08-OCT-2021 15:57","period":"29-Jul-2021 - 07-Aug-2021"},{"bdg_id":"34","bdg_prod_sku":"020E028","bdg_prod_name":"PAQUETE ALEXA MINI LF","bdg_prod_price":"40000.00","bdg_prod_level":"P","bdg_quantity":"2","bdg_days_base":"10","bdg_discount_base":"0.00","bdg_days_trip":"4","bdg_discount_trip":"0.00","bdg_days_test":"5","bdg_discount_test":"0.00","bdg_insured":"0.00","ver_id":"11","prd_id":"7743","ver_code":"C0008","ver_date":"2021-10-08 15:57:24","ver_status":"C","pjt_id":"7","pjt_number":"P0000007","pjt_name":"Olimpicos Tokio 2020","pjt_date_project":"2021-07-28 02:57:55","pjt_date_start":"2021-07-29 00:00:00","pjt_date_end":"2021-08-07 00:00:00","pjt_location":"Guadalajara","pjt_status":"1","cuo_id":"1","loc_id":"1","pjttp_id":"3","pjttp_name":"Comerciales","pjttp_min_download":"2","pjttp_max_download":"3","loc_type_location":"Local","prd_sku":"020E028","prd_name":"PAQUETE ALEXA MINI LF","prd_english_name":"","prd_code_provider":null,"prd_name_provider":null,"prd_model":"","prd_price":"40000.00","prd_coin_type":"","prd_visibility":"1","prd_comments":"3","prd_status":"1","prd_level":"K","prd_lonely":"","prd_insured":"0","doc_id":"0","sbc_id":"23","srv_id":"1","cin_id":"1","cus_id":"1","cus_parent":"0","cus_name":"(TV RADI MEXICO) ISMAEL RAMIRE DUARTE","cus_contact":"(TV RADI MEXICO) ISMAEL RAMIRE DUARTE","cus_address":"VENUS 14 COL. EL MIRADOR DEL. 09800 MEXICO, D.F.","cus_email":"","cus_rfc":"RADI560726TCA","cus_phone":"56568769","cus_phone_2":"","cus_internal_code":"T64","cus_qualification":"","cus_prospect":"1","cus_sponsored":"0","cus_legal_representative":"2","cus_legal_act":"2","cus_contract":"1","cut_id":"2","cus_status":"1","ver_date_real":"08-OCT-2021 15:57","period":"29-Jul-2021 - 07-Aug-2021"},{"bdg_id":"35","bdg_prod_sku":"010D017","bdg_prod_name":"BRAZO PARA CAMARA NOGA 3\/8","bdg_prod_price":"500.00","bdg_prod_level":"P","bdg_quantity":"1","bdg_days_base":"10","bdg_discount_base":"0.00","bdg_days_trip":"4","bdg_discount_trip":"0.00","bdg_days_test":"5","bdg_discount_test":"0.00","bdg_insured":"0.00","ver_id":"11","prd_id":"58","ver_code":"C0008","ver_date":"2021-10-08 15:57:24","ver_status":"C","pjt_id":"7","pjt_number":"P0000007","pjt_name":"Olimpicos Tokio 2020","pjt_date_project":"2021-07-28 02:57:55","pjt_date_start":"2021-07-29 00:00:00","pjt_date_end":"2021-08-07 00:00:00","pjt_location":"Guadalajara","pjt_status":"1","cuo_id":"1","loc_id":"1","pjttp_id":"3","pjttp_name":"Comerciales","pjttp_min_download":"2","pjttp_max_download":"3","loc_type_location":"Local","prd_sku":"010D015","prd_name":"MONITOR TV LOGIC 7\" LCD-SDI HDMI","prd_english_name":"","prd_code_provider":null,"prd_name_provider":null,"prd_model":"","prd_price":"2000.00","prd_coin_type":"1","prd_visibility":"1","prd_comments":"","prd_status":"1","prd_level":"P","prd_lonely":"","prd_insured":"1","doc_id":"0","sbc_id":"4","srv_id":"1","cin_id":"1","cus_id":"1","cus_parent":"0","cus_name":"(TV RADI MEXICO) ISMAEL RAMIRE DUARTE","cus_contact":"(TV RADI MEXICO) ISMAEL RAMIRE DUARTE","cus_address":"VENUS 14 COL. EL MIRADOR DEL. 09800 MEXICO, D.F.","cus_email":"","cus_rfc":"RADI560726TCA","cus_phone":"56568769","cus_phone_2":"","cus_internal_code":"T64","cus_qualification":"","cus_prospect":"1","cus_sponsored":"0","cus_legal_representative":"2","cus_legal_act":"2","cus_contract":"1","cut_id":"2","cus_status":"1","ver_date_real":"08-OCT-2021 15:57","period":"29-Jul-2021 - 07-Aug-2021"},{"bdg_id":"36","bdg_prod_sku":"010A001","bdg_prod_name":"CABEZA ESTABILIZADA SCORPIO","bdg_prod_price":"21.00","bdg_prod_level":"P","bdg_quantity":"1","bdg_days_base":"10","bdg_discount_base":"0.00","bdg_days_trip":"4","bdg_discount_trip":"0.00","bdg_days_test":"5","bdg_discount_test":"0.00","bdg_insured":"0.10","ver_id":"11","prd_id":"1","ver_code":"C0008","ver_date":"2021-10-08 15:57:24","ver_status":"C","pjt_id":"7","pjt_number":"P0000007","pjt_name":"Olimpicos Tokio 2020","pjt_date_project":"2021-07-28 02:57:55","pjt_date_start":"2021-07-29 00:00:00","pjt_date_end":"2021-08-07 00:00:00","pjt_location":"Guadalajara","pjt_status":"1","cuo_id":"1","loc_id":"1","pjttp_id":"3","pjttp_name":"Comerciales","pjttp_min_download":"2","pjttp_max_download":"3","loc_type_location":"Local","prd_sku":"010A001","prd_name":"CABEZA ESTABILIZADA SCORPIO","prd_english_name":"","prd_code_provider":null,"prd_name_provider":null,"prd_model":"","prd_price":"21000.00","prd_coin_type":"1","prd_visibility":"1","prd_comments":"","prd_status":"1","prd_level":"P","prd_lonely":"","prd_insured":"1","doc_id":"0","sbc_id":"1","srv_id":"1","cin_id":"1","cus_id":"1","cus_parent":"0","cus_name":"(TV RADI MEXICO) ISMAEL RAMIRE DUARTE","cus_contact":"(TV RADI MEXICO) ISMAEL RAMIRE DUARTE","cus_address":"VENUS 14 COL. EL MIRADOR DEL. 09800 MEXICO, D.F.","cus_email":"","cus_rfc":"RADI560726TCA","cus_phone":"56568769","cus_phone_2":"","cus_internal_code":"T64","cus_qualification":"","cus_prospect":"1","cus_sponsored":"0","cus_legal_representative":"2","cus_legal_act":"2","cus_contract":"1","cut_id":"2","cus_status":"1","ver_date_real":"08-OCT-2021 15:57","period":"29-Jul-2021 - 07-Aug-2021"}]